Time,Temperature_SENSOR_DATA.mean,Time,Pressure_SENSOR_DATA.mean,Time,Altitude_SENSOR_DATA.mean,Predicted_temperature,Predicted_pressure,Predicted_altitude
9/13/2023 11:14,24.6,9/13/2023 11:14,1018,9/13/2023 11:14,-40.2,,,
9/13/2023 11:14,24.4,9/13/2023 11:14,1018,9/13/2023 11:14,-40.1,,,
9/13/2023 11:14,24.4,9/13/2023 11:14,1018,9/13/2023 11:14,-40.3,,,
9/13/2023 11:14,24.4,9/13/2023 11:14,1018,9/13/2023 11:14,-40.3,,,
9/13/2023 11:14,24.4,9/13/2023 11:14,1018,9/13/2023 11:14,-40.5,,,
9/13/2023 11:15,24.4,9/13/2023 11:15,1018,9/13/2023 11:15,-40.3,,,
9/13/2023 11:15,24.4,9/13/2023 11:15,1018,9/13/2023 11:15,-40.4,,,
9/13/2023 11:15,24.4,9/13/2023 11:15,1018,9/13/2023 11:15,-40.8,,,
9/13/2023 11:15,24.4,9/13/2023 11:15,1018,9/13/2023 11:15,-40.6,,,
9/13/2023 11:15,24.4,9/13/2023 11:15,1018,9/13/2023 11:15,-40.1,,,
9/13/2023 11:15,24.3,9/13/2023 11:15,1018,9/13/2023 11:15,-40.3,,,
9/13/2023 11:16,24.3,9/13/2023 11:16,1018,9/13/2023 11:16,-40.1,,,
9/13/2023 11:16,24.3,9/13/2023 11:16,1018,9/13/2023 11:16,-40.3,,,
9/13/2023 11:16,24.3,9/13/2023 11:16,1018,9/13/2023 11:16,-39.9,,,
9/13/2023 11:16,24.3,9/13/2023 11:16,1018,9/13/2023 11:16,-39.6,,,
9/13/2023 11:16,24.3,9/13/2023 11:16,1018,9/13/2023 11:16,-40.2,,,
9/13/2023 11:16,24.3,9/13/2023 11:16,1018,9/13/2023 11:16,-40,,,
9/13/2023 11:17,24.3,9/13/2023 11:17,1018,9/13/2023 11:17,-39.9,,,
9/13/2023 11:17,24.3,9/13/2023 11:17,1018,9/13/2023 11:17,-39.8,,,
9/13/2023 11:17,24.3,9/13/2023 11:17,1018,9/13/2023 11:17,-40.4,,,
9/13/2023 11:17,24.3,9/13/2023 11:17,1018,9/13/2023 11:17,-40.1,,,
9/13/2023 11:17,24.3,9/13/2023 11:17,1018,9/13/2023 11:17,-40,,,
9/13/2023 11:17,24.3,9/13/2023 11:17,1018,9/13/2023 11:17,-39.9,,,
9/13/2023 11:18,24.3,9/13/2023 11:18,1018,9/13/2023 11:18,-39.6,,,
9/13/2023 11:18,24.3,9/13/2023 11:18,1018,9/13/2023 11:18,-39.8,,,
9/13/2023 11:18,24.4,9/13/2023 11:18,1018,9/13/2023 11:18,-39.8,,,
9/13/2023 11:18,24.4,9/13/2023 11:18,1018,9/13/2023 11:18,-39.9,,,
9/13/2023 11:18,24.4,9/13/2023 11:18,1018,9/13/2023 11:18,-40.1,,,
9/13/2023 11:18,24.4,9/13/2023 11:18,1018,9/13/2023 11:18,-40.3,,,
9/13/2023 11:19,24.4,9/13/2023 11:19,1018,9/13/2023 11:19,-40,,,
9/13/2023 11:19,24.4,9/13/2023 11:19,1018,9/13/2023 11:19,-39.9,,,
9/13/2023 11:19,24.4,9/13/2023 11:19,1018,9/13/2023 11:19,-40,,,
9/13/2023 11:19,24.4,9/13/2023 11:19,1018,9/13/2023 11:19,-39.9,,,
9/13/2023 11:19,24.4,9/13/2023 11:19,1018,9/13/2023 11:19,-39.8,,,
9/13/2023 11:19,24.4,9/13/2023 11:19,1018,9/13/2023 11:19,-40.2,,,
9/13/2023 11:20,24.4,9/13/2023 11:20,1018,9/13/2023 11:20,-40.5,,,
9/13/2023 11:20,24.4,9/13/2023 11:20,1018,9/13/2023 11:20,-40.1,,,
9/13/2023 11:20,24.4,9/13/2023 11:20,1018,9/13/2023 11:20,-40.4,,,
9/13/2023 11:20,24.5,9/13/2023 11:20,1018,9/13/2023 11:20,-40.2,,,
9/13/2023 11:20,24.5,9/13/2023 11:20,1018,9/13/2023 11:20,-39.8,,,
9/13/2023 11:20,24.5,9/13/2023 11:20,1018,9/13/2023 11:20,-39.8,,,
9/13/2023 11:21,24.5,9/13/2023 11:21,1018,9/13/2023 11:21,-39.7,,,
9/13/2023 11:21,24.5,9/13/2023 11:21,1018,9/13/2023 11:21,-39.8,,,
9/13/2023 11:21,24.5,9/13/2023 11:21,1018,9/13/2023 11:21,-39.7,,,
9/13/2023 11:21,24.5,9/13/2023 11:21,1018,9/13/2023 11:21,-40.1,,,
9/13/2023 11:21,24.5,9/13/2023 11:21,1018,9/13/2023 11:21,-39.7,,,
9/13/2023 11:21,24.5,9/13/2023 11:21,1018,9/13/2023 11:21,-40.1,,,
9/13/2023 11:22,24.5,9/13/2023 11:22,1018,9/13/2023 11:22,-39.4,,,
9/13/2023 11:22,24.5,9/13/2023 11:22,1018,9/13/2023 11:22,-39.5,,,
9/13/2023 11:22,24.5,9/13/2023 11:22,1018,9/13/2023 11:22,-39.5,,,
9/13/2023 11:22,24.5,9/13/2023 11:22,1018,9/13/2023 11:22,-38.9,,,
9/13/2023 11:22,24.5,9/13/2023 11:22,1018,9/13/2023 11:22,-39.5,,,
9/13/2023 11:22,24.5,9/13/2023 11:22,1018,9/13/2023 11:22,-39.3,,,
9/13/2023 11:23,24.6,9/13/2023 11:23,1018,9/13/2023 11:23,-39.1,,,
9/13/2023 11:23,24.6,9/13/2023 11:23,1018,9/13/2023 11:23,-39.8,,,
9/13/2023 11:23,24.5,9/13/2023 11:23,1018,9/13/2023 11:23,-39.2,,,
9/13/2023 11:23,24.5,9/13/2023 11:23,1018,9/13/2023 11:23,-39.5,,,
9/13/2023 11:23,24.5,9/13/2023 11:23,1018,9/13/2023 11:23,-39.3,,,
9/13/2023 11:23,24.5,9/13/2023 11:23,1018,9/13/2023 11:23,-39.1,,,
9/13/2023 11:24,24.5,9/13/2023 11:24,1018,9/13/2023 11:24,-39.5,,,
9/13/2023 11:24,24.5,9/13/2023 11:24,1018,9/13/2023 11:24,-39.1,,,
9/13/2023 11:24,24.5,9/13/2023 11:24,1018,9/13/2023 11:24,-39.8,,,
9/13/2023 11:24,24.5,9/13/2023 11:24,1018,9/13/2023 11:24,-39.4,,,
9/13/2023 11:24,24.5,9/13/2023 11:24,1018,9/13/2023 11:24,-39.6,,,
9/13/2023 11:24,24.5,9/13/2023 11:24,1018,9/13/2023 11:24,-39.7,,,
9/13/2023 11:25,24.5,9/13/2023 11:25,1018,9/13/2023 11:25,-39.8,,,
9/13/2023 11:25,24.5,9/13/2023 11:25,1018,9/13/2023 11:25,-39.6,,,
9/13/2023 11:25,24.5,9/13/2023 11:25,1018,9/13/2023 11:25,-39.9,,,
9/13/2023 11:25,24.5,9/13/2023 11:25,1018,9/13/2023 11:25,-39.9,,,
9/13/2023 11:25,24.5,9/13/2023 11:25,1018,9/13/2023 11:25,-39.9,,,
9/13/2023 11:25,24.5,9/13/2023 11:25,1018,9/13/2023 11:25,-40.1,,,
9/13/2023 11:26,24.4,9/13/2023 11:26,1018,9/13/2023 11:26,-39.7,,,
9/13/2023 11:26,24.4,9/13/2023 11:26,1018,9/13/2023 11:26,-39.9,,,
9/13/2023 11:26,24.4,9/13/2023 11:26,1018,9/13/2023 11:26,-39.8,,,
9/13/2023 11:26,24.4,9/13/2023 11:26,1018,9/13/2023 11:26,-40.1,,,
9/13/2023 11:26,24.4,9/13/2023 11:26,1018,9/13/2023 11:26,-39.9,,,
9/13/2023 11:26,24.4,9/13/2023 11:26,1018,9/13/2023 11:26,-39.7,,,
9/13/2023 11:27,24.4,9/13/2023 11:27,1018,9/13/2023 11:27,-39.8,,,
9/13/2023 11:27,24.4,9/13/2023 11:27,1018,9/13/2023 11:27,-39.9,,,
9/13/2023 11:27,24.4,9/13/2023 11:27,1018,9/13/2023 11:27,-40.1,,,
9/13/2023 11:27,24.4,9/13/2023 11:27,1018,9/13/2023 11:27,-39.8,,,
9/13/2023 11:27,24.4,9/13/2023 11:27,1018,9/13/2023 11:27,-40.1,,,
9/13/2023 11:27,24.4,9/13/2023 11:27,1018,9/13/2023 11:27,-40.2,,,
9/13/2023 11:28,24.4,9/13/2023 11:28,1018,9/13/2023 11:28,-39.8,,,
9/13/2023 11:28,24.4,9/13/2023 11:28,1018,9/13/2023 11:28,-39.9,,,
9/13/2023 11:28,24.4,9/13/2023 11:28,1018,9/13/2023 11:28,-40,,,
9/13/2023 11:28,24.4,9/13/2023 11:28,1018,9/13/2023 11:28,-39.7,,,
9/13/2023 11:28,24.4,9/13/2023 11:28,1018,9/13/2023 11:28,-40.2,,,
9/13/2023 11:28,24.4,9/13/2023 11:28,1018,9/13/2023 11:28,-40.1,,,
9/13/2023 11:29,24.4,9/13/2023 11:29,1018,9/13/2023 11:29,-40.1,,,
9/13/2023 11:29,24.4,9/13/2023 11:29,1018,9/13/2023 11:29,-39.7,,,
9/13/2023 11:29,24.4,9/13/2023 11:29,1018,9/13/2023 11:29,-39.9,,,
9/13/2023 11:29,24.4,9/13/2023 11:29,1018,9/13/2023 11:29,-40.4,,,
9/13/2023 11:29,24.4,9/13/2023 11:29,1018,9/13/2023 11:29,-40.6,,,
9/13/2023 11:29,24.4,9/13/2023 11:29,1018,9/13/2023 11:29,-40.2,,,
9/13/2023 11:30,24.4,9/13/2023 11:30,1018,9/13/2023 11:30,-40.3,,,
9/13/2023 11:30,24.4,9/13/2023 11:30,1018,9/13/2023 11:30,-40.1,,,
9/13/2023 11:30,24.3,9/13/2023 11:30,1018,9/13/2023 11:30,-40,,,
9/13/2023 11:30,24.4,9/13/2023 11:30,1018,9/13/2023 11:30,-40.1,,,
9/13/2023 11:30,24.4,9/13/2023 11:30,1018,9/13/2023 11:30,-40.4,,,
9/13/2023 11:30,24.4,9/13/2023 11:30,1018,9/13/2023 11:30,-40.3,,,
9/13/2023 11:31,24.4,9/13/2023 11:31,1018,9/13/2023 11:31,-39.8,,,
9/13/2023 11:31,24.3,9/13/2023 11:31,1018,9/13/2023 11:31,-40.2,,,
9/13/2023 11:31,24.3,9/13/2023 11:31,1018,9/13/2023 11:31,-40.1,,,
9/13/2023 11:31,24.3,9/13/2023 11:31,1018,9/13/2023 11:31,-40.4,,,
9/13/2023 11:31,24.3,9/13/2023 11:31,1018,9/13/2023 11:31,-39.8,,,
9/13/2023 11:31,24.4,9/13/2023 11:31,1018,9/13/2023 11:31,-39.9,,,
9/13/2023 11:32,24.4,9/13/2023 11:32,1018,9/13/2023 11:32,-40.2,,,
9/13/2023 11:32,24.3,9/13/2023 11:32,1018,9/13/2023 11:32,-39.8,,,
9/13/2023 11:32,24.3,9/13/2023 11:32,1018,9/13/2023 11:32,-39.9,,,
9/13/2023 11:32,24.3,9/13/2023 11:32,1018,9/13/2023 11:32,-40,,,
9/13/2023 11:32,24.3,9/13/2023 11:32,1018,9/13/2023 11:32,-39.8,,,
9/13/2023 11:32,24.3,9/13/2023 11:32,1018,9/13/2023 11:32,-39.5,,,
9/13/2023 11:33,24.3,9/13/2023 11:33,1018,9/13/2023 11:33,-39.8,,,
9/13/2023 11:33,24.3,9/13/2023 11:33,1018,9/13/2023 11:33,-39.7,,,
9/13/2023 11:33,24.3,9/13/2023 11:33,1018,9/13/2023 11:33,-39.9,,,
9/13/2023 11:33,24.3,9/13/2023 11:33,1018,9/13/2023 11:33,-40,,,
9/13/2023 11:33,24.3,9/13/2023 11:33,1018,9/13/2023 11:33,-39.9,,,
9/13/2023 11:33,24.3,9/13/2023 11:33,1018,9/13/2023 11:33,-40.1,,,
9/13/2023 11:34,24.3,9/13/2023 11:34,1018,9/13/2023 11:34,-40.2,,,
9/13/2023 11:34,24.3,9/13/2023 11:34,1018,9/13/2023 11:34,-40.2,,,
9/13/2023 11:34,24.3,9/13/2023 11:34,1018,9/13/2023 11:34,-39.8,,,
9/13/2023 11:34,24.3,9/13/2023 11:34,1018,9/13/2023 11:34,-40,,,
9/13/2023 11:34,24.3,9/13/2023 11:34,1018,9/13/2023 11:34,-40.5,,,
9/13/2023 11:34,24.3,9/13/2023 11:34,1018,9/13/2023 11:34,-40,,,
9/13/2023 11:35,24.3,9/13/2023 11:35,1018,9/13/2023 11:35,-40.4,,,
9/13/2023 11:35,24.4,9/13/2023 11:35,1018,9/13/2023 11:35,-40.2,,,
9/13/2023 11:35,24.4,9/13/2023 11:35,1018,9/13/2023 11:35,-39.8,,,
9/13/2023 11:35,24.4,9/13/2023 11:35,1018,9/13/2023 11:35,-40.2,,,
9/13/2023 11:35,24.4,9/13/2023 11:35,1018,9/13/2023 11:35,-40.5,,,
9/13/2023 11:35,24.4,9/13/2023 11:35,1018,9/13/2023 11:35,-40.2,,,
9/13/2023 11:36,24.3,9/13/2023 11:36,1018,9/13/2023 11:36,-40.2,,,
9/13/2023 11:36,24.3,9/13/2023 11:36,1018,9/13/2023 11:36,-40.4,,,
9/13/2023 11:36,24.3,9/13/2023 11:36,1018,9/13/2023 11:36,-40,,,
9/13/2023 11:36,24.4,9/13/2023 11:36,1018,9/13/2023 11:36,-40,,,
9/13/2023 11:36,24.4,9/13/2023 11:36,1018,9/13/2023 11:36,-40.4,,,
9/13/2023 11:36,24.4,9/13/2023 11:36,1018,9/13/2023 11:36,-40.1,,,
9/13/2023 11:37,24.4,9/13/2023 11:37,1018,9/13/2023 11:37,-39.9,,,
9/13/2023 11:37,24.4,9/13/2023 11:37,1018,9/13/2023 11:37,-40.2,,,
9/13/2023 11:37,24.4,9/13/2023 11:37,1018,9/13/2023 11:37,-40.3,,,
9/13/2023 11:37,24.4,9/13/2023 11:37,1018,9/13/2023 11:37,-40.1,,,
9/13/2023 11:37,24.4,9/13/2023 11:37,1018,9/13/2023 11:37,-40,,,
9/13/2023 11:37,24.4,9/13/2023 11:37,1018,9/13/2023 11:37,-40.2,,,
9/13/2023 11:38,24.4,9/13/2023 11:38,1018,9/13/2023 11:38,-40.1,,,
9/13/2023 11:38,24.4,9/13/2023 11:38,1018,9/13/2023 11:38,-39.8,,,
9/13/2023 11:38,24.4,9/13/2023 11:38,1018,9/13/2023 11:38,-40.1,,,
9/13/2023 11:38,24.4,9/13/2023 11:38,1018,9/13/2023 11:38,-40,,,
9/13/2023 11:38,24.3,9/13/2023 11:38,1018,9/13/2023 11:38,-40,,,
9/13/2023 11:38,24.3,9/13/2023 11:38,1018,9/13/2023 11:38,-39.9,,,
9/13/2023 11:39,24.3,9/13/2023 11:39,1018,9/13/2023 11:39,-40.1,,,
9/13/2023 11:39,24.3,9/13/2023 11:39,1018,9/13/2023 11:39,-40.1,,,
9/13/2023 11:39,24.3,9/13/2023 11:39,1018,9/13/2023 11:39,-40.1,,,
9/13/2023 11:39,24.3,9/13/2023 11:39,1018,9/13/2023 11:39,-39.9,,,
9/13/2023 11:39,24.3,9/13/2023 11:39,1018,9/13/2023 11:39,-39.5,,,
9/13/2023 11:39,24.3,9/13/2023 11:39,1018,9/13/2023 11:39,-40,,,
9/13/2023 11:40,24.3,9/13/2023 11:40,1018,9/13/2023 11:40,-40.3,,,
9/13/2023 11:40,24.3,9/13/2023 11:40,1018,9/13/2023 11:40,-39.7,,,
9/13/2023 11:40,24.3,9/13/2023 11:40,1018,9/13/2023 11:40,-39.8,,,
9/13/2023 11:40,24.3,9/13/2023 11:40,1018,9/13/2023 11:40,-39.8,,,
9/13/2023 11:40,24.3,9/13/2023 11:40,1018,9/13/2023 11:40,-39.8,,,
9/13/2023 11:40,24.3,9/13/2023 11:40,1018,9/13/2023 11:40,-40.2,,,
9/13/2023 11:41,24.3,9/13/2023 11:41,1018,9/13/2023 11:41,-39.9,,,
9/13/2023 11:41,24.3,9/13/2023 11:41,1018,9/13/2023 11:41,-39.9,,,
9/13/2023 11:41,24.3,9/13/2023 11:41,1018,9/13/2023 11:41,-39.8,,,
9/13/2023 11:41,24.3,9/13/2023 11:41,1018,9/13/2023 11:41,-40.1,,,
9/13/2023 11:41,24.3,9/13/2023 11:41,1018,9/13/2023 11:41,-40.2,,,
9/13/2023 11:41,24.3,9/13/2023 11:41,1018,9/13/2023 11:41,-40.1,,,
9/13/2023 11:42,24.3,9/13/2023 11:42,1018,9/13/2023 11:42,-39.8,,,
9/13/2023 11:42,24.3,9/13/2023 11:42,1018,9/13/2023 11:42,-40.1,,,
9/13/2023 11:42,24.3,9/13/2023 11:42,1018,9/13/2023 11:42,-40.3,,,
9/13/2023 11:42,24.3,9/13/2023 11:42,1018,9/13/2023 11:42,-40.4,,,
9/13/2023 11:42,24.3,9/13/2023 11:42,1018,9/13/2023 11:42,-40,,,
9/13/2023 11:42,24.3,9/13/2023 11:42,1018,9/13/2023 11:42,-39.8,,,
9/13/2023 11:43,24.3,9/13/2023 11:43,1018,9/13/2023 11:43,-40.3,,,
9/13/2023 11:43,24.3,9/13/2023 11:43,1018,9/13/2023 11:43,-40,,,
9/13/2023 11:43,24.3,9/13/2023 11:43,1018,9/13/2023 11:43,-40.3,,,
9/13/2023 11:43,24.3,9/13/2023 11:43,1018,9/13/2023 11:43,-40.3,,,
9/13/2023 11:43,24.3,9/13/2023 11:43,1018,9/13/2023 11:43,-40.2,,,
9/13/2023 11:43,24.3,9/13/2023 11:43,1018,9/13/2023 11:43,-40.3,,,
9/13/2023 11:44,24.3,9/13/2023 11:44,1018,9/13/2023 11:44,-40.1,,,
9/13/2023 11:44,24.3,9/13/2023 11:44,1018,9/13/2023 11:44,-40.2,,,
9/13/2023 11:44,24.3,9/13/2023 11:44,1018,9/13/2023 11:44,-40.6,,,
9/13/2023 11:44,24.3,9/13/2023 11:44,1018,9/13/2023 11:44,-40.4,,,
9/13/2023 11:44,24.3,9/13/2023 11:44,1018,9/13/2023 11:44,-40.1,,,
9/13/2023 11:44,24.3,9/13/2023 11:44,1018,9/13/2023 11:44,-40.5,,,
9/13/2023 11:45,24.3,9/13/2023 11:45,1018,9/13/2023 11:45,-40.4,,,
9/13/2023 11:45,24.3,9/13/2023 11:45,1018,9/13/2023 11:45,-40.4,,,
9/13/2023 11:45,24.3,9/13/2023 11:45,1018,9/13/2023 11:45,-40.1,,,
9/13/2023 11:45,24.3,9/13/2023 11:45,1018,9/13/2023 11:45,-40.5,,,
9/13/2023 11:45,24.3,9/13/2023 11:45,1018,9/13/2023 11:45,-40.3,,,
9/13/2023 11:45,24.3,9/13/2023 11:45,1018,9/13/2023 11:45,-40.5,,,
9/13/2023 11:46,24.3,9/13/2023 11:46,1018,9/13/2023 11:46,-40.3,,,
9/13/2023 11:46,24.3,9/13/2023 11:46,1018,9/13/2023 11:46,-40,,,
9/13/2023 11:46,24.3,9/13/2023 11:46,1018,9/13/2023 11:46,-40.3,,,
9/13/2023 11:46,24.3,9/13/2023 11:46,1018,9/13/2023 11:46,-40,,,
9/13/2023 11:46,24.3,9/13/2023 11:46,1018,9/13/2023 11:46,-40.3,,,
9/13/2023 11:46,24.3,9/13/2023 11:46,1018,9/13/2023 11:46,-40.4,,,
9/13/2023 11:47,24.3,9/13/2023 11:47,1018,9/13/2023 11:47,-40.3,,,
9/13/2023 11:47,24.3,9/13/2023 11:47,1018,9/13/2023 11:47,-40.3,,,
9/13/2023 11:47,24.3,9/13/2023 11:47,1018,9/13/2023 11:47,-40.3,,,
9/13/2023 11:47,24.2,9/13/2023 11:47,1018,9/13/2023 11:47,-40.8,,,
9/13/2023 11:47,24.2,9/13/2023 11:47,1018,9/13/2023 11:47,-40.3,,,
9/13/2023 11:47,24.2,9/13/2023 11:47,1018,9/13/2023 11:47,-40.3,,,
9/13/2023 11:48,24.2,9/13/2023 11:48,1018,9/13/2023 11:48,-40.5,,,
9/13/2023 11:48,24.2,9/13/2023 11:48,1018,9/13/2023 11:48,-40.4,,,
9/13/2023 11:48,24.2,9/13/2023 11:48,1018,9/13/2023 11:48,-40.1,,,
9/13/2023 11:48,24.3,9/13/2023 11:48,1018,9/13/2023 11:48,-40.3,,,
9/13/2023 11:48,24.3,9/13/2023 11:48,1018,9/13/2023 11:48,-40.3,,,
9/13/2023 11:48,24.2,9/13/2023 11:48,1018,9/13/2023 11:48,-40.4,,,
9/13/2023 11:49,24.2,9/13/2023 11:49,1018,9/13/2023 11:49,-40.5,,,
9/13/2023 11:49,24.2,9/13/2023 11:49,1018,9/13/2023 11:49,-40.3,,,
9/13/2023 11:49,24.2,9/13/2023 11:49,1018,9/13/2023 11:49,-40.4,,,
9/13/2023 11:49,24.2,9/13/2023 11:49,1018,9/13/2023 11:49,-40.5,,,
9/13/2023 11:49,24.2,9/13/2023 11:49,1018,9/13/2023 11:49,-40.7,,,
9/13/2023 11:49,24.2,9/13/2023 11:49,1018,9/13/2023 11:49,-40.7,,,
9/13/2023 11:50,24.2,9/13/2023 11:50,1018,9/13/2023 11:50,-40.7,,,
9/13/2023 11:50,24.2,9/13/2023 11:50,1018,9/13/2023 11:50,-40.4,,,
9/13/2023 11:50,24.2,9/13/2023 11:50,1018,9/13/2023 11:50,-40.6,,,
9/13/2023 11:50,24.2,9/13/2023 11:50,1018,9/13/2023 11:50,-40.8,,,
9/13/2023 11:50,24.2,9/13/2023 11:50,1018,9/13/2023 11:50,-40.5,,,
9/13/2023 11:50,24.2,9/13/2023 11:50,1018,9/13/2023 11:50,-40.7,,,
9/13/2023 11:51,24.2,9/13/2023 11:51,1018,9/13/2023 11:51,-40.5,,,
9/13/2023 11:51,24.2,9/13/2023 11:51,1018,9/13/2023 11:51,-40.5,,,
9/13/2023 11:51,24.2,9/13/2023 11:51,1018,9/13/2023 11:51,-40.6,,,
9/13/2023 11:51,24.2,9/13/2023 11:51,1018,9/13/2023 11:51,-40.3,,,
9/13/2023 11:51,24.2,9/13/2023 11:51,1018,9/13/2023 11:51,-40.3,,,
9/13/2023 11:51,24.2,9/13/2023 11:51,1018,9/13/2023 11:51,-40.7,,,
9/13/2023 13:45,23.9,9/13/2023 13:45,1019,9/13/2023 13:45,-44.4,,,
9/13/2023 13:45,23.9,9/13/2023 13:45,1019,9/13/2023 13:45,-44.4,,,
9/13/2023 13:46,23.9,9/13/2023 13:46,1019,9/13/2023 13:46,-44.1,,,
9/13/2023 13:46,23.9,9/13/2023 13:46,1019,9/13/2023 13:46,-44.3,,,
9/13/2023 13:46,23.9,9/13/2023 13:46,1019,9/13/2023 13:46,-44,,,
9/13/2023 13:46,23.9,9/13/2023 13:46,1019,9/13/2023 13:46,-44.2,,,
9/13/2023 13:46,23.9,9/13/2023 13:46,1019,9/13/2023 13:46,-44.2,,,
9/13/2023 13:46,23.9,9/13/2023 13:46,1019,9/13/2023 13:46,-44.3,,,
9/13/2023 13:47,23.9,9/13/2023 13:47,1019,9/13/2023 13:47,-44,,,
9/13/2023 13:47,23.9,9/13/2023 13:47,1019,9/13/2023 13:47,-44.2,,,
9/13/2023 13:47,23.9,9/13/2023 13:47,1019,9/13/2023 13:47,-43.9,,,
9/13/2023 13:47,23.9,9/13/2023 13:47,1019,9/13/2023 13:47,-44.4,,,
9/13/2023 13:47,23.9,9/13/2023 13:47,1019,9/13/2023 13:47,-44,,,
9/13/2023 13:47,23.9,9/13/2023 13:47,1019,9/13/2023 13:47,-44,,,
9/13/2023 13:48,23.9,9/13/2023 13:48,1019,9/13/2023 13:48,-44,,,
9/13/2023 13:48,23.9,9/13/2023 13:48,1019,9/13/2023 13:48,-44.2,,,
9/13/2023 13:48,24,9/13/2023 13:48,1019,9/13/2023 13:48,-44,,,
9/13/2023 13:48,23.9,9/13/2023 13:48,1019,9/13/2023 13:48,-43.8,,,
9/13/2023 13:48,23.9,9/13/2023 13:48,1019,9/13/2023 13:48,-43.9,,,
9/13/2023 13:48,23.9,9/13/2023 13:48,1019,9/13/2023 13:48,-44,,,
9/13/2023 13:49,23.9,9/13/2023 13:49,1018,9/13/2023 13:49,-43.6,,,
9/13/2023 13:49,23.9,9/13/2023 13:49,1018,9/13/2023 13:49,-43.5,,,
9/13/2023 13:49,24,9/13/2023 13:49,1018,9/13/2023 13:49,-43.3,,,
9/13/2023 13:49,24,9/13/2023 13:49,1019,9/13/2023 13:49,-43.7,,,
9/13/2023 13:49,23.9,9/13/2023 13:49,1018,9/13/2023 13:49,-43.5,,,
9/13/2023 13:49,23.9,9/13/2023 13:49,1018,9/13/2023 13:49,-43.4,,,
9/13/2023 13:50,24,9/13/2023 13:50,1018,9/13/2023 13:50,-43.6,,,
9/13/2023 13:50,24,9/13/2023 13:50,1018,9/13/2023 13:50,-43.4,,,
9/13/2023 13:50,24,9/13/2023 13:50,1018,9/13/2023 13:50,-43.4,,,
9/13/2023 13:50,24,9/13/2023 13:50,1018,9/13/2023 13:50,-43.5,,,
9/13/2023 13:50,24,9/13/2023 13:50,1018,9/13/2023 13:50,-43,,,
9/13/2023 13:50,24,9/13/2023 13:50,1018,9/13/2023 13:50,-43.2,,,
9/13/2023 13:51,24,9/13/2023 13:51,1018,9/13/2023 13:51,-43.6,,,
9/13/2023 13:51,24,9/13/2023 13:51,1018,9/13/2023 13:51,-43.2,,,
9/13/2023 13:51,24,9/13/2023 13:51,1018,9/13/2023 13:51,-43.3,,,
9/13/2023 13:51,24,9/13/2023 13:51,1018,9/13/2023 13:51,-43.1,,,
9/13/2023 13:51,24,9/13/2023 13:51,1018,9/13/2023 13:51,-42.8,,,
9/13/2023 13:51,24,9/13/2023 13:51,1018,9/13/2023 13:51,-43.1,,,
9/13/2023 13:52,24,9/13/2023 13:52,1018,9/13/2023 13:52,-43.5,,,
9/13/2023 13:52,24,9/13/2023 13:52,1018,9/13/2023 13:52,-42.8,,,
9/13/2023 13:52,24,9/13/2023 13:52,1018,9/13/2023 13:52,-43,,,
9/13/2023 13:52,24,9/13/2023 13:52,1018,9/13/2023 13:52,-43,,,
9/13/2023 13:52,24,9/13/2023 13:52,1018,9/13/2023 13:52,-43.1,,,
9/13/2023 13:52,24,9/13/2023 13:52,1018,9/13/2023 13:52,-43,,,
9/13/2023 13:53,24,9/13/2023 13:53,1018,9/13/2023 13:53,-42.8,,,
9/13/2023 13:53,24,9/13/2023 13:53,1018,9/13/2023 13:53,-43,,,
9/13/2023 13:53,24,9/13/2023 13:53,1018,9/13/2023 13:53,-42.9,,,
9/13/2023 13:53,24,9/13/2023 13:53,1018,9/13/2023 13:53,-42.8,,,
9/13/2023 13:53,24,9/13/2023 13:53,1018,9/13/2023 13:53,-42.8,,,
9/13/2023 13:53,24.1,9/13/2023 13:53,1018,9/13/2023 13:53,-42.9,,,
9/13/2023 13:54,24.1,9/13/2023 13:54,1018,9/13/2023 13:54,-42.9,,,
9/13/2023 13:54,24.1,9/13/2023 13:54,1018,9/13/2023 13:54,-42.7,,,
9/13/2023 13:54,24.1,9/13/2023 13:54,1018,9/13/2023 13:54,-42.7,,,
9/13/2023 13:54,24.1,9/13/2023 13:54,1018,9/13/2023 13:54,-43,,,
9/13/2023 13:54,24.1,9/13/2023 13:54,1018,9/13/2023 13:54,-43,,,
9/13/2023 13:54,24.2,9/13/2023 13:54,1018,9/13/2023 13:54,-42.7,,,
9/13/2023 13:55,24.2,9/13/2023 13:55,1018,9/13/2023 13:55,-42.4,,,
9/13/2023 13:55,24.3,9/13/2023 13:55,1018,9/13/2023 13:55,-42.3,,,
9/13/2023 13:55,24.4,9/13/2023 13:55,1018,9/13/2023 13:55,-42.5,,,
9/13/2023 13:55,24.4,9/13/2023 13:55,1018,9/13/2023 13:55,-42.5,,,
9/13/2023 13:55,24.5,9/13/2023 13:55,1018,9/13/2023 13:55,-42.2,,,
9/13/2023 13:55,24.6,9/13/2023 13:55,1018,9/13/2023 13:55,-42.4,,,
9/13/2023 13:56,24.6,9/13/2023 13:56,1018,9/13/2023 13:56,-42.4,,,
9/13/2023 13:56,24.7,9/13/2023 13:56,1018,9/13/2023 13:56,-41.8,,,
9/13/2023 13:56,24.8,9/13/2023 13:56,1018,9/13/2023 13:56,-41.5,,,
9/13/2023 13:56,24.9,9/13/2023 13:56,1018,9/13/2023 13:56,-41.5,,,
9/13/2023 13:56,25,9/13/2023 13:56,1018,9/13/2023 13:56,-41.2,,,
9/13/2023 13:56,25,9/13/2023 13:56,1018,9/13/2023 13:56,-41.3,,,
9/13/2023 13:57,25.1,9/13/2023 13:57,1018,9/13/2023 13:57,-40.9,,,
9/13/2023 13:57,25.2,9/13/2023 13:57,1018,9/13/2023 13:57,-40.6,,,
9/13/2023 13:57,25.2,9/13/2023 13:57,1018,9/13/2023 13:57,-41,,,
9/13/2023 13:57,25.3,9/13/2023 13:57,1018,9/13/2023 13:57,-40.7,,,
9/13/2023 13:57,25.4,9/13/2023 13:57,1018,9/13/2023 13:57,-40.9,,,
9/13/2023 13:57,25.4,9/13/2023 13:57,1018,9/13/2023 13:57,-40.4,,,
9/13/2023 13:58,25.5,9/13/2023 13:58,1018,9/13/2023 13:58,-40.8,,,
9/13/2023 13:58,25.6,9/13/2023 13:58,1018,9/13/2023 13:58,-40.1,,,
9/13/2023 13:58,25.7,9/13/2023 13:58,1018,9/13/2023 13:58,-39.9,,,
9/13/2023 13:58,25.7,9/13/2023 13:58,1018,9/13/2023 13:58,-40.6,,,
9/13/2023 13:58,25.8,9/13/2023 13:58,1018,9/13/2023 13:58,-40.6,,,
9/13/2023 13:58,25.9,9/13/2023 13:58,1018,9/13/2023 13:58,-40.1,,,
9/13/2023 13:59,25.9,9/13/2023 13:59,1018,9/13/2023 13:59,-40,,,
9/13/2023 13:59,26,9/13/2023 13:59,1018,9/13/2023 13:59,-40,,,
9/13/2023 13:59,26,9/13/2023 13:59,1018,9/13/2023 13:59,-40.2,,,
9/13/2023 13:59,26.1,9/13/2023 13:59,1018,9/13/2023 13:59,-39.9,,,
9/13/2023 13:59,26.1,9/13/2023 13:59,1018,9/13/2023 13:59,-39.8,,,
9/13/2023 13:59,26.2,9/13/2023 13:59,1018,9/13/2023 13:59,-40,,,
9/13/2023 14:00,26.2,9/13/2023 14:00,1018,9/13/2023 14:00,-39.6,,,
9/13/2023 14:00,26.3,9/13/2023 14:00,1018,9/13/2023 14:00,-39.7,,,
9/13/2023 14:00,26.3,9/13/2023 14:00,1018,9/13/2023 14:00,-39.6,,,
9/13/2023 14:00,26.3,9/13/2023 14:00,1018,9/13/2023 14:00,-39.4,,,
9/13/2023 14:00,26.3,9/13/2023 14:00,1018,9/13/2023 14:00,-39.3,,,
9/13/2023 14:00,26.3,9/13/2023 14:00,1018,9/13/2023 14:00,-39.5,,,
9/13/2023 14:01,26.3,9/13/2023 14:01,1018,9/13/2023 14:01,-39.6,,,
9/13/2023 14:01,26.3,9/13/2023 14:01,1018,9/13/2023 14:01,-39.3,,,
9/13/2023 14:01,26.4,9/13/2023 14:01,1018,9/13/2023 14:01,-39.3,,,
9/13/2023 14:01,26.4,9/13/2023 14:01,1018,9/13/2023 14:01,-39.5,,,
9/13/2023 14:01,26.5,9/13/2023 14:01,1018,9/13/2023 14:01,-38.8,,,
9/13/2023 14:01,26.5,9/13/2023 14:01,1018,9/13/2023 14:01,-38.8,,,
9/13/2023 14:02,26.6,9/13/2023 14:02,1018,9/13/2023 14:02,-38.7,,,
9/13/2023 14:02,26.6,9/13/2023 14:02,1018,9/13/2023 14:02,-39.1,,,
9/13/2023 14:02,26.5,9/13/2023 14:02,1018,9/13/2023 14:02,-39.1,,,
9/13/2023 14:02,26.5,9/13/2023 14:02,1018,9/13/2023 14:02,-38.9,,,
9/13/2023 14:02,26.5,9/13/2023 14:02,1018,9/13/2023 14:02,-38.9,,,
9/13/2023 14:02,26.4,9/13/2023 14:02,1018,9/13/2023 14:02,-39.5,,,
9/13/2023 14:03,26.4,9/13/2023 14:03,1018,9/13/2023 14:03,-39.3,,,
9/13/2023 14:03,26.4,9/13/2023 14:03,1018,9/13/2023 14:03,-39.3,,,
9/13/2023 14:03,26.5,9/13/2023 14:03,1018,9/13/2023 14:03,-39.3,,,
9/13/2023 14:03,26.5,9/13/2023 14:03,1018,9/13/2023 14:03,-39.2,,,
9/13/2023 14:03,26.5,9/13/2023 14:03,1018,9/13/2023 14:03,-39,,,
9/13/2023 14:03,26.6,9/13/2023 14:03,1018,9/13/2023 14:03,-39.1,,,
9/13/2023 14:04,26.6,9/13/2023 14:04,1018,9/13/2023 14:04,-38.6,,,
9/13/2023 14:04,26.5,9/13/2023 14:04,1018,9/13/2023 14:04,-38.7,,,
9/13/2023 14:04,26.5,9/13/2023 14:04,1018,9/13/2023 14:04,-38.7,,,
9/13/2023 14:04,26.5,9/13/2023 14:04,1018,9/13/2023 14:04,-38.7,,,
9/13/2023 14:04,26.6,9/13/2023 14:04,1018,9/13/2023 14:04,-38.6,,,
9/13/2023 14:04,26.6,9/13/2023 14:04,1018,9/13/2023 14:04,-38.7,,,
9/13/2023 14:05,26.6,9/13/2023 14:05,1018,9/13/2023 14:05,-38.7,,,
9/13/2023 14:05,26.7,9/13/2023 14:05,1018,9/13/2023 14:05,-38.5,,,
9/13/2023 14:05,26.7,9/13/2023 14:05,1018,9/13/2023 14:05,-38.5,,,
9/13/2023 14:05,26.7,9/13/2023 14:05,1018,9/13/2023 14:05,-38.6,,,
9/13/2023 14:05,26.7,9/13/2023 14:05,1018,9/13/2023 14:05,-38.6,,,
9/13/2023 14:05,26.7,9/13/2023 14:05,1018,9/13/2023 14:05,-38.6,,,
9/13/2023 14:06,26.7,9/13/2023 14:06,1018,9/13/2023 14:06,-38.5,,,
9/13/2023 14:06,26.7,9/13/2023 14:06,1018,9/13/2023 14:06,-38.7,,,
9/13/2023 14:06,26.6,9/13/2023 14:06,1018,9/13/2023 14:06,-38.7,,,
9/13/2023 14:06,26.6,9/13/2023 14:06,1018,9/13/2023 14:06,-38.9,,,
9/13/2023 14:06,26.5,9/13/2023 14:06,1018,9/13/2023 14:06,-38.6,,,
9/13/2023 14:06,26.5,9/13/2023 14:06,1018,9/13/2023 14:06,-39.3,,,
9/13/2023 14:07,26.4,9/13/2023 14:07,1018,9/13/2023 14:07,-39.1,,,
9/13/2023 14:07,26.4,9/13/2023 14:07,1018,9/13/2023 14:07,-39.3,,,
9/13/2023 14:07,26.4,9/13/2023 14:07,1018,9/13/2023 14:07,-39.5,,,
9/13/2023 14:07,26.2,9/13/2023 14:07,1018,9/13/2023 14:07,-39.3,,,
9/13/2023 14:07,26.2,9/13/2023 14:07,1018,9/13/2023 14:07,-39.7,,,
9/13/2023 14:07,26.2,9/13/2023 14:07,1018,9/13/2023 14:07,-39.9,,,
9/13/2023 14:08,26.2,9/13/2023 14:08,1018,9/13/2023 14:08,-39.4,,,
9/13/2023 14:08,26.1,9/13/2023 14:08,1018,9/13/2023 14:08,-39.8,,,
9/13/2023 14:08,26.1,9/13/2023 14:08,1018,9/13/2023 14:08,-39.7,,,
9/13/2023 14:08,26.1,9/13/2023 14:08,1018,9/13/2023 14:08,-40.1,,,
9/13/2023 14:08,26.1,9/13/2023 14:08,1018,9/13/2023 14:08,-39.8,,,
9/13/2023 14:08,26.1,9/13/2023 14:08,1018,9/13/2023 14:08,-40,,,
9/13/2023 14:09,26.1,9/13/2023 14:09,1018,9/13/2023 14:09,-40,,,
9/13/2023 14:09,26,9/13/2023 14:09,1018,9/13/2023 14:09,-39.7,,,
9/13/2023 14:09,26.1,9/13/2023 14:09,1018,9/13/2023 14:09,-39.9,,,
9/13/2023 14:09,26.1,9/13/2023 14:09,1018,9/13/2023 14:09,-39.7,,,
9/13/2023 14:09,26,9/13/2023 14:09,1018,9/13/2023 14:09,-39.8,,,
9/13/2023 14:09,26,9/13/2023 14:09,1018,9/13/2023 14:09,-39.8,,,
9/13/2023 14:10,26,9/13/2023 14:10,1018,9/13/2023 14:10,-39.9,,,
9/13/2023 14:10,26,9/13/2023 14:10,1018,9/13/2023 14:10,-39.8,,,
9/13/2023 14:10,25.9,9/13/2023 14:10,1018,9/13/2023 14:10,-39.9,,,
9/13/2023 14:10,25.9,9/13/2023 14:10,1018,9/13/2023 14:10,-40.1,,,
9/13/2023 14:10,25.9,9/13/2023 14:10,1018,9/13/2023 14:10,-40.1,,,
9/13/2023 14:10,25.8,9/13/2023 14:10,1018,9/13/2023 14:10,-40.1,,,
9/13/2023 14:11,25.8,9/13/2023 14:11,1018,9/13/2023 14:11,-40.3,,,
9/13/2023 14:11,25.8,9/13/2023 14:11,1018,9/13/2023 14:11,-40.1,,,
9/13/2023 14:11,25.8,9/13/2023 14:11,1018,9/13/2023 14:11,-40.5,,,
9/13/2023 14:11,25.8,9/13/2023 14:11,1018,9/13/2023 14:11,-40.2,,,
9/13/2023 14:11,25.8,9/13/2023 14:11,1018,9/13/2023 14:11,-40.5,,,
9/13/2023 14:11,25.7,9/13/2023 14:11,1018,9/13/2023 14:11,-40.4,,,
9/13/2023 14:12,25.7,9/13/2023 14:12,1018,9/13/2023 14:12,-40.5,,,
9/13/2023 14:12,25.7,9/13/2023 14:12,1018,9/13/2023 14:12,-40.5,,,
9/13/2023 14:12,25.7,9/13/2023 14:12,1018,9/13/2023 14:12,-40.2,,,
9/13/2023 14:12,25.7,9/13/2023 14:12,1018,9/13/2023 14:12,-40.3,,,
9/13/2023 14:12,25.7,9/13/2023 14:12,1018,9/13/2023 14:12,-40.2,,,
9/13/2023 14:12,25.7,9/13/2023 14:12,1018,9/13/2023 14:12,-40.5,,,
9/13/2023 14:13,25.6,9/13/2023 14:13,1018,9/13/2023 14:13,-40.4,,,
9/13/2023 14:13,25.6,9/13/2023 14:13,1018,9/13/2023 14:13,-40.5,,,
9/13/2023 14:13,25.6,9/13/2023 14:13,1018,9/13/2023 14:13,-40.6,,,
9/13/2023 14:13,25.6,9/13/2023 14:13,1018,9/13/2023 14:13,-40.2,,,
9/13/2023 14:13,25.6,9/13/2023 14:13,1018,9/13/2023 14:13,-40.6,,,
9/13/2023 14:13,25.5,9/13/2023 14:13,1018,9/13/2023 14:13,-40.7,,,
9/13/2023 14:14,25.5,9/13/2023 14:14,1018,9/13/2023 14:14,-40.4,,,
9/13/2023 14:14,25.4,9/13/2023 14:14,1018,9/13/2023 14:14,-40.5,,,
9/13/2023 14:14,25.4,9/13/2023 14:14,1018,9/13/2023 14:14,-40.6,,,
9/13/2023 14:14,25.3,9/13/2023 14:14,1018,9/13/2023 14:14,-40.9,,,
9/13/2023 14:14,25.2,9/13/2023 14:14,1018,9/13/2023 14:14,-40.8,,,
9/13/2023 14:14,25.2,9/13/2023 14:14,1018,9/13/2023 14:14,-40.9,,,
9/13/2023 14:15,25.2,9/13/2023 14:15,1018,9/13/2023 14:15,-41,,,
9/13/2023 14:15,25.1,9/13/2023 14:15,1018,9/13/2023 14:15,-40.5,,,
9/13/2023 14:15,25.2,9/13/2023 14:15,1018,9/13/2023 14:15,-40.9,,,
9/13/2023 14:15,25.2,9/13/2023 14:15,1018,9/13/2023 14:15,-40.8,,,
9/13/2023 14:15,25.2,9/13/2023 14:15,1018,9/13/2023 14:15,-40.7,,,
9/13/2023 14:15,25.3,9/13/2023 14:15,1018,9/13/2023 14:15,-41.1,,,
9/13/2023 14:16,25.3,9/13/2023 14:16,1018,9/13/2023 14:16,-40.9,,,
9/13/2023 14:16,25.3,9/13/2023 14:16,1018,9/13/2023 14:16,-41,,,
9/13/2023 14:16,25.3,9/13/2023 14:16,1018,9/13/2023 14:16,-41.1,,,
9/13/2023 14:16,25.3,9/13/2023 14:16,1018,9/13/2023 14:16,-40.8,,,
9/13/2023 14:16,25.2,9/13/2023 14:16,1018,9/13/2023 14:16,-40.9,,,
9/13/2023 14:16,25.2,9/13/2023 14:16,1018,9/13/2023 14:16,-40.8,,,
9/13/2023 14:17,25.1,9/13/2023 14:17,1018,9/13/2023 14:17,-41.4,,,
9/13/2023 14:17,25.1,9/13/2023 14:17,1018,9/13/2023 14:17,-41.4,,,
9/13/2023 14:17,25.1,9/13/2023 14:17,1018,9/13/2023 14:17,-41.1,,,
9/13/2023 14:17,25,9/13/2023 14:17,1018,9/13/2023 14:17,-41.4,,,
9/13/2023 14:17,25,9/13/2023 14:17,1018,9/13/2023 14:17,-41.5,,,
9/13/2023 14:17,24.9,9/13/2023 14:17,1018,9/13/2023 14:17,-41.4,,,
9/13/2023 14:18,24.9,9/13/2023 14:18,1018,9/13/2023 14:18,-41.2,,,
9/13/2023 14:18,25,9/13/2023 14:18,1018,9/13/2023 14:18,-41.7,,,
9/13/2023 14:18,24.9,9/13/2023 14:18,1018,9/13/2023 14:18,-41.8,,,
9/13/2023 14:18,24.9,9/13/2023 14:18,1018,9/13/2023 14:18,-41.5,,,
9/13/2023 14:18,24.8,9/13/2023 14:18,1018,9/13/2023 14:18,-41.7,,,
9/13/2023 14:18,24.7,9/13/2023 14:18,1018,9/13/2023 14:18,-41.9,,,
9/13/2023 14:19,24.7,9/13/2023 14:19,1018,9/13/2023 14:19,-42.2,,,
9/13/2023 14:19,24.6,9/13/2023 14:19,1018,9/13/2023 14:19,-42.4,,,
9/13/2023 14:19,24.6,9/13/2023 14:19,1018,9/13/2023 14:19,-42.3,,,
9/13/2023 14:19,24.6,9/13/2023 14:19,1018,9/13/2023 14:19,-42.5,,,
9/13/2023 14:19,24.6,9/13/2023 14:19,1018,9/13/2023 14:19,-42.7,,,
9/13/2023 14:19,24.7,9/13/2023 14:19,1018,9/13/2023 14:19,-42.6,,,
9/13/2023 14:20,24.7,9/13/2023 14:20,1018,9/13/2023 14:20,-42.2,,,
9/13/2023 14:20,24.7,9/13/2023 14:20,1018,9/13/2023 14:20,-42.7,,,
9/13/2023 14:20,24.7,9/13/2023 14:20,1018,9/13/2023 14:20,-42.4,,,
9/13/2023 14:20,24.7,9/13/2023 14:20,1018,9/13/2023 14:20,-42.3,,,
9/13/2023 14:20,24.7,9/13/2023 14:20,1018,9/13/2023 14:20,-42.4,,,
9/13/2023 14:20,24.7,9/13/2023 14:20,1018,9/13/2023 14:20,-41.9,,,
9/13/2023 14:21,24.7,9/13/2023 14:21,1018,9/13/2023 14:21,-42.3,,,
9/13/2023 14:21,24.7,9/13/2023 14:21,1018,9/13/2023 14:21,-41.8,,,
9/13/2023 14:21,24.7,9/13/2023 14:21,1018,9/13/2023 14:21,-42.3,,,
9/13/2023 14:21,24.7,9/13/2023 14:21,1018,9/13/2023 14:21,-41.6,,,
9/13/2023 14:21,24.7,9/13/2023 14:21,1018,9/13/2023 14:21,-42.6,,,
9/13/2023 14:21,24.7,9/13/2023 14:21,1018,9/13/2023 14:21,-42,,,
9/13/2023 14:22,24.7,9/13/2023 14:22,1018,9/13/2023 14:22,-42,,,
9/13/2023 14:22,24.7,9/13/2023 14:22,1018,9/13/2023 14:22,-42.5,,,
9/13/2023 14:22,24.6,9/13/2023 14:22,1018,9/13/2023 14:22,-42.7,,,
9/13/2023 14:22,24.5,9/13/2023 14:22,1018,9/13/2023 14:22,-42.7,,,
9/13/2023 14:22,24.5,9/13/2023 14:22,1018,9/13/2023 14:22,-42.2,,,
9/13/2023 14:22,24.5,9/13/2023 14:22,1018,9/13/2023 14:22,-42.7,,,
9/13/2023 14:23,24.5,9/13/2023 14:23,1018,9/13/2023 14:23,-42.7,,,
9/13/2023 14:23,24.5,9/13/2023 14:23,1018,9/13/2023 14:23,-42.9,,,
9/13/2023 14:23,24.5,9/13/2023 14:23,1018,9/13/2023 14:23,-42.5,,,
9/13/2023 14:23,24.5,9/13/2023 14:23,1018,9/13/2023 14:23,-42.7,,,
9/13/2023 14:23,24.5,9/13/2023 14:23,1018,9/13/2023 14:23,-42.5,,,
9/13/2023 14:23,24.5,9/13/2023 14:23,1018,9/13/2023 14:23,-42.6,,,
9/13/2023 14:24,24.4,9/13/2023 14:24,1018,9/13/2023 14:24,-42.8,,,
9/13/2023 14:24,24.4,9/13/2023 14:24,1018,9/13/2023 14:24,-43,,,
9/13/2023 14:24,24.4,9/13/2023 14:24,1018,9/13/2023 14:24,-43,,,
9/13/2023 14:24,24.4,9/13/2023 14:24,1018,9/13/2023 14:24,-42.6,,,
9/13/2023 14:24,24.4,9/13/2023 14:24,1018,9/13/2023 14:24,-42.2,,,
9/13/2023 14:24,24.4,9/13/2023 14:24,1018,9/13/2023 14:24,-42.9,,,
9/13/2023 14:25,24.4,9/13/2023 14:25,1018,9/13/2023 14:25,-42.5,,,
9/13/2023 14:25,24.4,9/13/2023 14:25,1018,9/13/2023 14:25,-42.8,,,
9/13/2023 14:25,24.4,9/13/2023 14:25,1018,9/13/2023 14:25,-42.7,,,
9/13/2023 14:25,24.4,9/13/2023 14:25,1018,9/13/2023 14:25,-42.6,,,
9/13/2023 14:25,24.4,9/13/2023 14:25,1018,9/13/2023 14:25,-42.7,,,
9/13/2023 14:25,24.4,9/13/2023 14:25,1018,9/13/2023 14:25,-43,,,
9/13/2023 14:26,24.4,9/13/2023 14:26,1018,9/13/2023 14:26,-42.7,,,
9/13/2023 14:26,24.4,9/13/2023 14:26,1018,9/13/2023 14:26,-42.4,,,
9/13/2023 14:26,24.4,9/13/2023 14:26,1018,9/13/2023 14:26,-42.8,,,
9/13/2023 14:26,24.4,9/13/2023 14:26,1018,9/13/2023 14:26,-43,,,
9/13/2023 14:26,24.4,9/13/2023 14:26,1018,9/13/2023 14:26,-42.9,,,
9/13/2023 14:26,24.5,9/13/2023 14:26,1018,9/13/2023 14:26,-42.7,,,
9/13/2023 14:27,24.5,9/13/2023 14:27,1018,9/13/2023 14:27,-42.7,,,
9/13/2023 14:27,24.5,9/13/2023 14:27,1018,9/13/2023 14:27,-42.8,,,
9/13/2023 14:27,24.5,9/13/2023 14:27,1018,9/13/2023 14:27,-42.6,,,
9/13/2023 14:27,24.5,9/13/2023 14:27,1018,9/13/2023 14:27,-42.6,,,
9/13/2023 14:27,24.5,9/13/2023 14:27,1018,9/13/2023 14:27,-42.5,,,
9/13/2023 14:27,24.5,9/13/2023 14:27,1018,9/13/2023 14:27,-42.1,,,
9/13/2023 14:28,24.5,9/13/2023 14:28,1018,9/13/2023 14:28,-42.6,,,
9/13/2023 14:28,24.5,9/13/2023 14:28,1018,9/13/2023 14:28,-42.5,,,
9/13/2023 14:28,24.5,9/13/2023 14:28,1018,9/13/2023 14:28,-42.3,,,
9/13/2023 14:28,24.5,9/13/2023 14:28,1018,9/13/2023 14:28,-42.2,,,
9/13/2023 14:28,24.5,9/13/2023 14:28,1018,9/13/2023 14:28,-42.5,,,
9/13/2023 14:28,24.5,9/13/2023 14:28,1018,9/13/2023 14:28,-42.4,,,
9/13/2023 14:29,24.5,9/13/2023 14:29,1018,9/13/2023 14:29,-42.4,,,
9/13/2023 14:29,24.5,9/13/2023 14:29,1018,9/13/2023 14:29,-42.4,,,
9/13/2023 14:29,24.6,9/13/2023 14:29,1018,9/13/2023 14:29,-42.4,,,
9/13/2023 14:29,24.6,9/13/2023 14:29,1018,9/13/2023 14:29,-42,,,
9/13/2023 14:29,24.6,9/13/2023 14:29,1018,9/13/2023 14:29,-42.2,,,
9/13/2023 14:29,24.6,9/13/2023 14:29,1018,9/13/2023 14:29,-42.6,,,
9/13/2023 14:30,24.6,9/13/2023 14:30,1018,9/13/2023 14:30,-42.6,,,
9/13/2023 14:30,24.6,9/13/2023 14:30,1018,9/13/2023 14:30,-42.5,,,
9/13/2023 14:30,24.6,9/13/2023 14:30,1018,9/13/2023 14:30,-42.4,,,
9/13/2023 14:30,24.6,9/13/2023 14:30,1018,9/13/2023 14:30,-42.2,,,
9/13/2023 14:30,24.6,9/13/2023 14:30,1018,9/13/2023 14:30,-42.3,,,
9/13/2023 14:30,24.6,9/13/2023 14:30,1018,9/13/2023 14:30,-42.7,,,
9/13/2023 14:31,24.6,9/13/2023 14:31,1018,9/13/2023 14:31,-42.7,,,
9/13/2023 14:31,24.6,9/13/2023 14:31,1018,9/13/2023 14:31,-42.5,,,
9/13/2023 14:31,24.6,9/13/2023 14:31,1018,9/13/2023 14:31,-42.4,,,
9/13/2023 14:31,24.5,9/13/2023 14:31,1018,9/13/2023 14:31,-42.4,,,
9/13/2023 14:31,24.5,9/13/2023 14:31,1018,9/13/2023 14:31,-42.4,,,
9/13/2023 14:31,24.4,9/13/2023 14:31,1018,9/13/2023 14:31,-42.7,,,
9/13/2023 14:32,24.4,9/13/2023 14:32,1018,9/13/2023 14:32,-42.5,,,
9/13/2023 14:32,24.3,9/13/2023 14:32,1018,9/13/2023 14:32,-42.6,,,
9/13/2023 14:32,24.3,9/13/2023 14:32,1018,9/13/2023 14:32,-42.4,,,
9/13/2023 14:32,24.3,9/13/2023 14:32,1018,9/13/2023 14:32,-42.6,,,
9/13/2023 14:32,24.3,9/13/2023 14:32,1018,9/13/2023 14:32,-43.1,,,
9/13/2023 14:32,24.3,9/13/2023 14:32,1018,9/13/2023 14:32,-42.7,,,
9/13/2023 14:33,24.3,9/13/2023 14:33,1018,9/13/2023 14:33,-42.5,,,
9/13/2023 14:33,24.3,9/13/2023 14:33,1018,9/13/2023 14:33,-42.5,,,
9/13/2023 14:33,24.3,9/13/2023 14:33,1018,9/13/2023 14:33,-42.9,,,
9/13/2023 14:33,24.3,9/13/2023 14:33,1018,9/13/2023 14:33,-42.6,,,
9/13/2023 14:33,24.2,9/13/2023 14:33,1018,9/13/2023 14:33,-42.5,,,
9/13/2023 14:33,24.2,9/13/2023 14:33,1018,9/13/2023 14:33,-42.5,,,
9/13/2023 14:34,24.2,9/13/2023 14:34,1018,9/13/2023 14:34,-42.9,,,
9/13/2023 14:34,24.2,9/13/2023 14:34,1018,9/13/2023 14:34,-43,,,
9/13/2023 14:34,24.2,9/13/2023 14:34,1018,9/13/2023 14:34,-43,,,
9/13/2023 14:34,24.2,9/13/2023 14:34,1018,9/13/2023 14:34,-42.5,,,
9/13/2023 14:34,24.1,9/13/2023 14:34,1018,9/13/2023 14:34,-43.1,,,
9/13/2023 14:34,24.1,9/13/2023 14:34,1018,9/13/2023 14:34,-42.8,,,
9/13/2023 14:35,24.1,9/13/2023 14:35,1018,9/13/2023 14:35,-42.9,,,
9/13/2023 14:35,24.1,9/13/2023 14:35,1018,9/13/2023 14:35,-42.8,,,
9/13/2023 14:35,24.1,9/13/2023 14:35,1018,9/13/2023 14:35,-42.4,,,
9/13/2023 14:35,24.1,9/13/2023 14:35,1018,9/13/2023 14:35,-42.9,,,
9/13/2023 14:35,24.1,9/13/2023 14:35,1018,9/13/2023 14:35,-42.8,,,
9/13/2023 14:35,24.1,9/13/2023 14:35,1018,9/13/2023 14:35,-42.7,,,
9/13/2023 14:36,24.1,9/13/2023 14:36,1018,9/13/2023 14:36,-42.5,,,
9/13/2023 14:36,24,9/13/2023 14:36,1018,9/13/2023 14:36,-42.9,,,
9/13/2023 14:36,24,9/13/2023 14:36,1018,9/13/2023 14:36,-43.2,,,
9/13/2023 14:36,24,9/13/2023 14:36,1018,9/13/2023 14:36,-42.9,,,
9/13/2023 14:36,24,9/13/2023 14:36,1018,9/13/2023 14:36,-42.7,,,
9/13/2023 14:36,24,9/13/2023 14:36,1018,9/13/2023 14:36,-42.9,,,
9/13/2023 14:37,24,9/13/2023 14:37,1018,9/13/2023 14:37,-42.9,,,
9/13/2023 14:37,23.9,9/13/2023 14:37,1018,9/13/2023 14:37,-42.7,,,
9/13/2023 14:37,23.9,9/13/2023 14:37,1018,9/13/2023 14:37,-43,,,
9/13/2023 14:37,23.8,9/13/2023 14:37,1018,9/13/2023 14:37,-42.8,,,
9/13/2023 14:37,23.8,9/13/2023 14:37,1018,9/13/2023 14:37,-42.8,,,
9/13/2023 14:37,23.8,9/13/2023 14:37,1018,9/13/2023 14:37,-42.8,,,
9/13/2023 14:38,23.8,9/13/2023 14:38,1018,9/13/2023 14:38,-43.1,,,
9/13/2023 14:38,23.9,9/13/2023 14:38,1018,9/13/2023 14:38,-43,,,
9/13/2023 14:38,23.9,9/13/2023 14:38,1018,9/13/2023 14:38,-42.6,,,
9/13/2023 14:38,23.9,9/13/2023 14:38,1018,9/13/2023 14:38,-42.6,,,
9/13/2023 14:38,23.9,9/13/2023 14:38,1018,9/13/2023 14:38,-42.6,,,
9/13/2023 14:38,23.9,9/13/2023 14:38,1018,9/13/2023 14:38,-42.9,,,
9/13/2023 14:39,23.9,9/13/2023 14:39,1018,9/13/2023 14:39,-43,,,
9/13/2023 14:39,23.9,9/13/2023 14:39,1018,9/13/2023 14:39,-42.7,,,
9/13/2023 14:39,23.9,9/13/2023 14:39,1018,9/13/2023 14:39,-42.6,,,
9/13/2023 14:39,24,9/13/2023 14:39,1018,9/13/2023 14:39,-43.1,,,
9/13/2023 14:39,24,9/13/2023 14:39,1018,9/13/2023 14:39,-42.9,,,
9/13/2023 14:39,24,9/13/2023 14:39,1018,9/13/2023 14:39,-42.8,,,
9/13/2023 14:40,24,9/13/2023 14:40,1018,9/13/2023 14:40,-42.9,,,
9/13/2023 14:40,24,9/13/2023 14:40,1018,9/13/2023 14:40,-43,,,
9/13/2023 14:40,24,9/13/2023 14:40,1018,9/13/2023 14:40,-42.6,,,
9/13/2023 14:40,24.1,9/13/2023 14:40,1018,9/13/2023 14:40,-42.7,,,
9/13/2023 14:40,24.1,9/13/2023 14:40,1018,9/13/2023 14:40,-42.8,,,
9/13/2023 14:40,24.1,9/13/2023 14:40,1018,9/13/2023 14:40,-43,,,
9/13/2023 14:41,24.1,9/13/2023 14:41,1018,9/13/2023 14:41,-43,,,
9/13/2023 14:41,24.1,9/13/2023 14:41,1018,9/13/2023 14:41,-43.3,,,
9/13/2023 14:41,24.1,9/13/2023 14:41,1018,9/13/2023 14:41,-42.8,,,
9/13/2023 14:41,24.1,9/13/2023 14:41,1018,9/13/2023 14:41,-43,,,
9/13/2023 14:41,24.1,9/13/2023 14:41,1018,9/13/2023 14:41,-42.7,,,
9/13/2023 14:41,24.1,9/13/2023 14:41,1018,9/13/2023 14:41,-43.2,,,
9/13/2023 14:42,24.1,9/13/2023 14:42,1018,9/13/2023 14:42,-43.1,,,
9/13/2023 14:42,24.1,9/13/2023 14:42,1018,9/13/2023 14:42,-43,,,
9/13/2023 14:42,24.1,9/13/2023 14:42,1018,9/13/2023 14:42,-43.1,,,
9/13/2023 14:42,24.1,9/13/2023 14:42,1018,9/13/2023 14:42,-43,,,
9/13/2023 14:42,24.1,9/13/2023 14:42,1018,9/13/2023 14:42,-42.9,,,
9/13/2023 14:42,24.1,9/13/2023 14:42,1018,9/13/2023 14:42,-43.2,,,
9/13/2023 14:43,24.2,9/13/2023 14:43,1018,9/13/2023 14:43,-43.2,,,
9/13/2023 14:43,24.2,9/13/2023 14:43,1018,9/13/2023 14:43,-42.9,,,
9/13/2023 14:43,24.1,9/13/2023 14:43,1018,9/13/2023 14:43,-43,,,
9/13/2023 14:43,24.2,9/13/2023 14:43,1018,9/13/2023 14:43,-42.9,,,
9/13/2023 14:43,24.2,9/13/2023 14:43,1018,9/13/2023 14:43,-43,,,
9/13/2023 14:43,24.2,9/13/2023 14:43,1018,9/13/2023 14:43,-43.2,,,
9/13/2023 14:44,24.1,9/13/2023 14:44,1018,9/13/2023 14:44,-43,,,
9/13/2023 14:44,24.1,9/13/2023 14:44,1018,9/13/2023 14:44,-43,,,
9/13/2023 14:44,24.1,9/13/2023 14:44,1018,9/13/2023 14:44,-43.1,,,
9/13/2023 15:00,23.9,9/13/2023 15:00,1018,9/13/2023 15:00,-42.9,,,
9/13/2023 15:00,23.9,9/13/2023 15:00,1018,9/13/2023 15:00,-42.7,,,
9/13/2023 15:00,23.9,9/13/2023 15:00,1018,9/13/2023 15:00,-42.9,,,
9/13/2023 15:00,23.9,9/13/2023 15:00,1018,9/13/2023 15:00,-43.2,,,
9/13/2023 15:00,23.9,9/13/2023 15:00,1018,9/13/2023 15:00,-42.9,,,
9/13/2023 15:00,23.9,9/13/2023 15:00,1018,9/13/2023 15:00,-42.8,,,
9/13/2023 15:01,23.8,9/13/2023 15:01,1018,9/13/2023 15:01,-42.9,,,
9/13/2023 15:01,23.8,9/13/2023 15:01,1018,9/13/2023 15:01,-43,,,
9/13/2023 15:01,23.9,9/13/2023 15:01,1018,9/13/2023 15:01,-42.9,,,
9/13/2023 15:01,23.8,9/13/2023 15:01,1018,9/13/2023 15:01,-43.1,,,
9/13/2023 15:01,23.8,9/13/2023 15:01,1018,9/13/2023 15:01,-43.1,,,
9/13/2023 15:01,23.8,9/13/2023 15:01,1018,9/13/2023 15:01,-43.1,,,
9/13/2023 15:02,23.8,9/13/2023 15:02,1018,9/13/2023 15:02,-43,,,
9/13/2023 15:02,23.7,9/13/2023 15:02,1018,9/13/2023 15:02,-43.3,,,
9/13/2023 15:02,23.8,9/13/2023 15:02,1018,9/13/2023 15:02,-43.3,,,
9/13/2023 15:02,23.8,9/13/2023 15:02,1018,9/13/2023 15:02,-43.1,,,
9/13/2023 15:02,23.8,9/13/2023 15:02,1018,9/13/2023 15:02,-43,,,
9/13/2023 15:02,23.8,9/13/2023 15:02,1018,9/13/2023 15:02,-43.5,,,
9/13/2023 15:03,23.7,9/13/2023 15:03,1018,9/13/2023 15:03,-43.1,,,
9/13/2023 15:03,23.8,9/13/2023 15:03,1018,9/13/2023 15:03,-43.1,,,
9/13/2023 15:03,23.7,9/13/2023 15:03,1018,9/13/2023 15:03,-42.9,,,
9/13/2023 15:03,23.8,9/13/2023 15:03,1018,9/13/2023 15:03,-43.2,,,
9/13/2023 15:03,23.8,9/13/2023 15:03,1018,9/13/2023 15:03,-43,,,
9/13/2023 15:03,23.8,9/13/2023 15:03,1018,9/13/2023 15:03,-43.2,,,
9/13/2023 15:04,23.8,9/13/2023 15:04,1018,9/13/2023 15:04,-42.9,,,
9/13/2023 15:04,23.8,9/13/2023 15:04,1018,9/13/2023 15:04,-43.3,,,
9/13/2023 15:04,23.9,9/13/2023 15:04,1018,9/13/2023 15:04,-43.3,,,
9/13/2023 15:04,23.9,9/13/2023 15:04,1018,9/13/2023 15:04,-43,,,
9/13/2023 15:04,23.9,9/13/2023 15:04,1018,9/13/2023 15:04,-43,,,
9/13/2023 15:04,23.9,9/13/2023 15:04,1018,9/13/2023 15:04,-42.8,,,
9/13/2023 15:05,24,9/13/2023 15:05,1018,9/13/2023 15:05,-43,,,
9/13/2023 15:05,24.1,9/13/2023 15:05,1018,9/13/2023 15:05,-42.2,,,
9/13/2023 15:05,24.1,9/13/2023 15:05,1018,9/13/2023 15:05,-42.3,,,
9/13/2023 15:05,24.2,9/13/2023 15:05,1018,9/13/2023 15:05,-42.3,,,
9/13/2023 15:05,24.2,9/13/2023 15:05,1018,9/13/2023 15:05,-42.2,,,
9/13/2023 15:05,24.3,9/13/2023 15:05,1018,9/13/2023 15:05,-42,,,
9/13/2023 15:06,24.3,9/13/2023 15:06,1018,9/13/2023 15:06,-42.1,,,
9/13/2023 15:06,24.4,9/13/2023 15:06,1018,9/13/2023 15:06,-42.5,,,
9/13/2023 15:06,24.5,9/13/2023 15:06,1018,9/13/2023 15:06,-42.5,,,
9/13/2023 15:06,24.6,9/13/2023 15:06,1018,9/13/2023 15:06,-42.1,,,
9/13/2023 15:06,24.6,9/13/2023 15:06,1018,9/13/2023 15:06,-41.7,,,
9/13/2023 15:06,24.7,9/13/2023 15:06,1018,9/13/2023 15:06,-41.7,,,
9/13/2023 15:07,24.8,9/13/2023 15:07,1018,9/13/2023 15:07,-41.2,,,
9/13/2023 15:07,24.8,9/13/2023 15:07,1018,9/13/2023 15:07,-41,,,
9/13/2023 15:07,24.9,9/13/2023 15:07,1018,9/13/2023 15:07,-41.1,,,
9/13/2023 15:07,24.9,9/13/2023 15:07,1018,9/13/2023 15:07,-41.1,,,
9/13/2023 15:07,25,9/13/2023 15:07,1018,9/13/2023 15:07,-41.3,,,
9/13/2023 15:07,25,9/13/2023 15:07,1018,9/13/2023 15:07,-41.2,,,
9/13/2023 15:08,25.1,9/13/2023 15:08,1018,9/13/2023 15:08,-40.8,,,
9/13/2023 15:08,25.2,9/13/2023 15:08,1018,9/13/2023 15:08,-40.3,,,
9/13/2023 15:08,25.2,9/13/2023 15:08,1018,9/13/2023 15:08,-40.1,,,
9/13/2023 15:08,25.3,9/13/2023 15:08,1018,9/13/2023 15:08,-40.2,,,
9/13/2023 15:08,25.4,9/13/2023 15:08,1018,9/13/2023 15:08,-40.2,,,
9/13/2023 15:08,25.3,9/13/2023 15:08,1018,9/13/2023 15:08,-40.3,,,
9/13/2023 15:09,25.3,9/13/2023 15:09,1018,9/13/2023 15:09,-40.5,,,
9/13/2023 15:09,25.2,9/13/2023 15:09,1018,9/13/2023 15:09,-40.7,,,
9/13/2023 15:09,25.3,9/13/2023 15:09,1018,9/13/2023 15:09,-40.1,,,
9/13/2023 15:09,25.3,9/13/2023 15:09,1018,9/13/2023 15:09,-40.3,,,
9/13/2023 15:09,25.3,9/13/2023 15:09,1018,9/13/2023 15:09,-40.6,,,
9/13/2023 15:09,25.4,9/13/2023 15:09,1018,9/13/2023 15:09,-40.5,,,
9/13/2023 15:10,25.4,9/13/2023 15:10,1018,9/13/2023 15:10,-40.2,,,
9/13/2023 15:10,25.4,9/13/2023 15:10,1018,9/13/2023 15:10,-40.4,,,
9/13/2023 15:10,25.4,9/13/2023 15:10,1018,9/13/2023 15:10,-40.2,,,
9/13/2023 15:10,25.4,9/13/2023 15:10,1018,9/13/2023 15:10,-40.3,,,
9/13/2023 15:10,25.4,9/13/2023 15:10,1018,9/13/2023 15:10,-40.5,,,
9/13/2023 15:10,25.3,9/13/2023 15:10,1018,9/13/2023 15:10,-40.1,,,
9/13/2023 15:11,25.2,9/13/2023 15:11,1018,9/13/2023 15:11,-40.5,,,
9/13/2023 15:11,25.2,9/13/2023 15:11,1018,9/13/2023 15:11,-40.5,,,
9/13/2023 15:11,25.2,9/13/2023 15:11,1018,9/13/2023 15:11,-40.6,,,
9/13/2023 15:11,25.2,9/13/2023 15:11,1018,9/13/2023 15:11,-40.5,,,
9/13/2023 15:11,25.2,9/13/2023 15:11,1018,9/13/2023 15:11,-40.9,,,
9/13/2023 15:11,25.1,9/13/2023 15:11,1018,9/13/2023 15:11,-41,,,
9/13/2023 15:12,25.1,9/13/2023 15:12,1018,9/13/2023 15:12,-41.2,,,
9/13/2023 15:12,25.1,9/13/2023 15:12,1018,9/13/2023 15:12,-40.5,,,
9/13/2023 15:12,24.9,9/13/2023 15:12,1018,9/13/2023 15:12,-40.6,,,
9/13/2023 15:12,24.9,9/13/2023 15:12,1018,9/13/2023 15:12,-41.3,,,
9/13/2023 15:12,24.9,9/13/2023 15:12,1018,9/13/2023 15:12,-41.2,,,
9/13/2023 15:12,24.9,9/13/2023 15:12,1018,9/13/2023 15:12,-40.6,,,
9/13/2023 15:13,24.9,9/13/2023 15:13,1018,9/13/2023 15:13,-41.3,,,
9/13/2023 15:13,24.9,9/13/2023 15:13,1018,9/13/2023 15:13,-41.1,,,
9/13/2023 15:13,24.9,9/13/2023 15:13,1018,9/13/2023 15:13,-41.2,,,
9/13/2023 15:13,25,9/13/2023 15:13,1018,9/13/2023 15:13,-41.2,,,
9/13/2023 15:13,25,9/13/2023 15:13,1018,9/13/2023 15:13,-41,,,
9/13/2023 15:13,25,9/13/2023 15:13,1018,9/13/2023 15:13,-40.8,,,
9/13/2023 15:14,25,9/13/2023 15:14,1018,9/13/2023 15:14,-41.1,,,
9/13/2023 15:14,25,9/13/2023 15:14,1018,9/13/2023 15:14,-41.1,,,
9/13/2023 15:14,25,9/13/2023 15:14,1018,9/13/2023 15:14,-41.1,,,
9/13/2023 15:14,24.9,9/13/2023 15:14,1018,9/13/2023 15:14,-41,,,
9/13/2023 15:14,24.9,9/13/2023 15:14,1018,9/13/2023 15:14,-41.1,,,
9/13/2023 15:14,24.9,9/13/2023 15:14,1018,9/13/2023 15:14,-41,,,
9/13/2023 15:15,24.9,9/13/2023 15:15,1018,9/13/2023 15:15,-41,,,
9/13/2023 15:15,25,9/13/2023 15:15,1018,9/13/2023 15:15,-41.1,,,
9/13/2023 15:15,25,9/13/2023 15:15,1018,9/13/2023 15:15,-40.6,,,
9/13/2023 15:15,25,9/13/2023 15:15,1018,9/13/2023 15:15,-40.7,,,
9/13/2023 15:15,25,9/13/2023 15:15,1018,9/13/2023 15:15,-40.6,,,
9/13/2023 15:15,25,9/13/2023 15:15,1018,9/13/2023 15:15,-40.7,,,
9/13/2023 15:16,24.9,9/13/2023 15:16,1018,9/13/2023 15:16,-40.7,,,
9/13/2023 15:16,24.9,9/13/2023 15:16,1018,9/13/2023 15:16,-40.6,,,
9/13/2023 15:16,24.9,9/13/2023 15:16,1018,9/13/2023 15:16,-40.9,,,
9/13/2023 15:16,24.9,9/13/2023 15:16,1018,9/13/2023 15:16,-40.5,,,
9/13/2023 15:16,24.9,9/13/2023 15:16,1018,9/13/2023 15:16,-40.6,,,
9/13/2023 15:16,24.9,9/13/2023 15:16,1018,9/13/2023 15:16,-40.2,,,
9/13/2023 15:17,24.9,9/13/2023 15:17,1018,9/13/2023 15:17,-40.3,,,
9/13/2023 15:17,24.9,9/13/2023 15:17,1018,9/13/2023 15:17,-40.3,,,
9/13/2023 15:17,24.9,9/13/2023 15:17,1018,9/13/2023 15:17,-40.3,,,
9/13/2023 15:17,24.8,9/13/2023 15:17,1018,9/13/2023 15:17,-40.5,,,
9/13/2023 15:17,24.8,9/13/2023 15:17,1018,9/13/2023 15:17,-40.3,,,
9/13/2023 15:17,24.7,9/13/2023 15:17,1018,9/13/2023 15:17,-40.7,,,
9/13/2023 15:18,24.6,9/13/2023 15:18,1018,9/13/2023 15:18,-40.8,,,
9/13/2023 15:18,24.6,9/13/2023 15:18,1018,9/13/2023 15:18,-41.3,,,
9/13/2023 15:18,24.6,9/13/2023 15:18,1018,9/13/2023 15:18,-41.1,,,
9/13/2023 15:18,24.5,9/13/2023 15:18,1018,9/13/2023 15:18,-41.1,,,
9/13/2023 15:18,24.5,9/13/2023 15:18,1018,9/13/2023 15:18,-41.1,,,
9/13/2023 15:18,24.5,9/13/2023 15:18,1018,9/13/2023 15:18,-41.4,,,
9/13/2023 15:19,24.4,9/13/2023 15:19,1018,9/13/2023 15:19,-41.3,,,
9/13/2023 15:19,24.4,9/13/2023 15:19,1018,9/13/2023 15:19,-41,,,
9/13/2023 15:19,24.3,9/13/2023 15:19,1018,9/13/2023 15:19,-41.3,,,
9/13/2023 15:19,24.2,9/13/2023 15:19,1018,9/13/2023 15:19,-41.3,,,
9/13/2023 15:19,24.2,9/13/2023 15:19,1018,9/13/2023 15:19,-41.7,,,
9/13/2023 15:19,24.1,9/13/2023 15:19,1018,9/13/2023 15:19,-41.9,,,
9/13/2023 15:20,24.1,9/13/2023 15:20,1018,9/13/2023 15:20,-41.6,,,
9/13/2023 15:20,24.1,9/13/2023 15:20,1018,9/13/2023 15:20,-41.6,,,
9/13/2023 15:20,24,9/13/2023 15:20,1018,9/13/2023 15:20,-41.4,,,
9/13/2023 15:20,24,9/13/2023 15:20,1018,9/13/2023 15:20,-41.5,,,
9/13/2023 15:20,24,9/13/2023 15:20,1018,9/13/2023 15:20,-41.3,,,
9/13/2023 15:20,24,9/13/2023 15:20,1018,9/13/2023 15:20,-41.8,,,
9/13/2023 15:21,24,9/13/2023 15:21,1018,9/13/2023 15:21,-41.9,,,
9/13/2023 15:21,24,9/13/2023 15:21,1018,9/13/2023 15:21,-41.5,,,
9/13/2023 15:21,24,9/13/2023 15:21,1018,9/13/2023 15:21,-41.5,,,
9/13/2023 15:21,23.9,9/13/2023 15:21,1018,9/13/2023 15:21,-41.7,,,
9/13/2023 15:21,23.9,9/13/2023 15:21,1018,9/13/2023 15:21,-41.4,,,
9/13/2023 15:21,23.9,9/13/2023 15:21,1018,9/13/2023 15:21,-41.5,,,
9/13/2023 15:22,23.9,9/13/2023 15:22,1018,9/13/2023 15:22,-42.5,,,
9/13/2023 15:22,,9/13/2023 15:22,,9/13/2023 15:22,,,,
9/13/2023 15:22,24.2,9/13/2023 15:22,1018,9/13/2023 15:22,-41.4,,,
9/13/2023 15:22,23.9,9/13/2023 15:22,1018,9/13/2023 15:22,-42,,,
9/13/2023 15:22,23.9,9/13/2023 15:22,1018,9/13/2023 15:22,-42,,,
9/13/2023 15:22,23.8,9/13/2023 15:22,1018,9/13/2023 15:22,-42,,,
9/13/2023 15:23,23.8,9/13/2023 15:23,1018,9/13/2023 15:23,-42,,,
9/13/2023 15:23,23.8,9/13/2023 15:23,1018,9/13/2023 15:23,-42,,,
9/13/2023 15:23,23.8,9/13/2023 15:23,1018,9/13/2023 15:23,-42.2,,,
9/13/2023 15:23,23.7,9/13/2023 15:23,1018,9/13/2023 15:23,-42,,,
9/13/2023 15:23,23.7,9/13/2023 15:23,1018,9/13/2023 15:23,-41.8,,,
9/13/2023 15:23,23.7,9/13/2023 15:23,1018,9/13/2023 15:23,-42,,,
9/13/2023 15:24,23.7,9/13/2023 15:24,1018,9/13/2023 15:24,-42,,,
9/13/2023 15:24,23.7,9/13/2023 15:24,1018,9/13/2023 15:24,-42.1,,,
9/13/2023 15:24,23.6,9/13/2023 15:24,1018,9/13/2023 15:24,-41.9,,,
9/13/2023 15:24,23.6,9/13/2023 15:24,1018,9/13/2023 15:24,-41.7,,,
9/13/2023 15:24,23.7,9/13/2023 15:24,1018,9/13/2023 15:24,-42.4,,,
9/13/2023 15:24,23.6,9/13/2023 15:24,1018,9/13/2023 15:24,-41.7,,,
9/13/2023 15:25,23.6,9/13/2023 15:25,1018,9/13/2023 15:25,-41.9,,,
9/13/2023 15:25,23.6,9/13/2023 15:25,1018,9/13/2023 15:25,-42.4,,,
9/13/2023 15:25,23.6,9/13/2023 15:25,1018,9/13/2023 15:25,-42.3,,,
9/13/2023 15:25,23.6,9/13/2023 15:25,1018,9/13/2023 15:25,-42.3,,,
9/13/2023 15:25,23.6,9/13/2023 15:25,1018,9/13/2023 15:25,-42,,,
9/13/2023 15:25,23.6,9/13/2023 15:25,1018,9/13/2023 15:25,-42.2,,,
9/13/2023 15:26,23.6,9/13/2023 15:26,1018,9/13/2023 15:26,-42.4,,,
9/13/2023 15:26,23.6,9/13/2023 15:26,1018,9/13/2023 15:26,-42,,,
9/13/2023 15:26,23.5,9/13/2023 15:26,1018,9/13/2023 15:26,-42.4,,,
9/13/2023 15:26,23.5,9/13/2023 15:26,1018,9/13/2023 15:26,-42,,,
9/13/2023 15:26,23.5,9/13/2023 15:26,1018,9/13/2023 15:26,-42.6,,,
9/13/2023 15:26,23.5,9/13/2023 15:26,1018,9/13/2023 15:26,-42.5,,,
9/13/2023 15:27,23.5,9/13/2023 15:27,1018,9/13/2023 15:27,-42,,,
9/13/2023 15:27,23.5,9/13/2023 15:27,1018,9/13/2023 15:27,-42.1,,,
9/13/2023 15:27,23.5,9/13/2023 15:27,1018,9/13/2023 15:27,-42.2,,,
9/13/2023 15:27,23.5,9/13/2023 15:27,1018,9/13/2023 15:27,-42.2,,,
9/13/2023 15:27,23.5,9/13/2023 15:27,1018,9/13/2023 15:27,-42,,,
9/13/2023 15:27,23.5,9/13/2023 15:27,1018,9/13/2023 15:27,-42.2,,,
9/13/2023 15:28,23.5,9/13/2023 15:28,1018,9/13/2023 15:28,-42,,,
9/13/2023 15:28,23.5,9/13/2023 15:28,1018,9/13/2023 15:28,-41.8,,,
9/13/2023 15:28,23.5,9/13/2023 15:28,1018,9/13/2023 15:28,-42,,,
9/13/2023 15:28,23.5,9/13/2023 15:28,1018,9/13/2023 15:28,-41.8,,,
9/13/2023 15:28,23.5,9/13/2023 15:28,1018,9/13/2023 15:28,-42.2,,,
9/13/2023 15:28,23.5,9/13/2023 15:28,1018,9/13/2023 15:28,-41.8,,,
9/13/2023 15:29,23.5,9/13/2023 15:29,1018,9/13/2023 15:29,-42.1,,,
9/13/2023 15:29,23.5,9/13/2023 15:29,1018,9/13/2023 15:29,-42.1,,,
9/13/2023 15:29,23.4,9/13/2023 15:29,1018,9/13/2023 15:29,-42.2,,,
9/13/2023 15:29,23.5,9/13/2023 15:29,1018,9/13/2023 15:29,-42,,,
9/13/2023 15:29,23.4,9/13/2023 15:29,1018,9/13/2023 15:29,-41.7,,,
9/13/2023 15:29,23.4,9/13/2023 15:29,1018,9/13/2023 15:29,-42,,,
9/13/2023 15:30,23.4,9/13/2023 15:30,1018,9/13/2023 15:30,-42.4,,,
9/13/2023 15:30,23.4,9/13/2023 15:30,1018,9/13/2023 15:30,-42,,,
9/13/2023 15:30,23.4,9/13/2023 15:30,1018,9/13/2023 15:30,-41.7,,,
9/13/2023 15:30,23.4,9/13/2023 15:30,1018,9/13/2023 15:30,-42,,,
9/13/2023 15:30,23.4,9/13/2023 15:30,1018,9/13/2023 15:30,-41.6,,,
9/13/2023 15:30,23.4,9/13/2023 15:30,1018,9/13/2023 15:30,-42.2,,,
9/13/2023 15:31,23.3,9/13/2023 15:31,1018,9/13/2023 15:31,-41.9,,,
9/13/2023 15:31,23.3,9/13/2023 15:31,1018,9/13/2023 15:31,-42,,,
9/13/2023 15:31,23.3,9/13/2023 15:31,1018,9/13/2023 15:31,-41.7,,,
9/13/2023 15:31,23.3,9/13/2023 15:31,1018,9/13/2023 15:31,-41.8,,,
9/13/2023 15:31,23.3,9/13/2023 15:31,1018,9/13/2023 15:31,-41.8,,,
9/13/2023 15:31,23.3,9/13/2023 15:31,1018,9/13/2023 15:31,-41.8,,,
9/13/2023 15:32,23.3,9/13/2023 15:32,1018,9/13/2023 15:32,-41.6,,,
9/13/2023 15:32,23.4,9/13/2023 15:32,1018,9/13/2023 15:32,-41.8,,,
9/13/2023 15:32,23.4,9/13/2023 15:32,1018,9/13/2023 15:32,-41.5,,,
9/13/2023 15:32,23.4,9/13/2023 15:32,1018,9/13/2023 15:32,-41.6,,,
9/13/2023 15:32,23.5,9/13/2023 15:32,1018,9/13/2023 15:32,-41.8,,,
9/13/2023 15:32,23.5,9/13/2023 15:32,1018,9/13/2023 15:32,-41.8,,,
9/13/2023 15:33,23.5,9/13/2023 15:33,1018,9/13/2023 15:33,-41.5,,,
9/13/2023 15:33,23.5,9/13/2023 15:33,1018,9/13/2023 15:33,-41.5,,,
9/13/2023 15:33,23.5,9/13/2023 15:33,1018,9/13/2023 15:33,-41.4,,,
9/13/2023 15:33,23.5,9/13/2023 15:33,1018,9/13/2023 15:33,-41.1,,,
9/13/2023 15:33,23.5,9/13/2023 15:33,1018,9/13/2023 15:33,-41.5,,,
9/13/2023 15:33,23.5,9/13/2023 15:33,1018,9/13/2023 15:33,-41.8,,,
9/13/2023 15:34,23.6,9/13/2023 15:34,1018,9/13/2023 15:34,-41.6,,,
9/13/2023 15:34,23.6,9/13/2023 15:34,1018,9/13/2023 15:34,-41.4,,,
9/13/2023 15:34,23.6,9/13/2023 15:34,1018,9/13/2023 15:34,-41.7,,,
9/13/2023 15:34,23.6,9/13/2023 15:34,1018,9/13/2023 15:34,-41.8,,,
9/13/2023 15:34,23.6,9/13/2023 15:34,1018,9/13/2023 15:34,-41.8,,,
9/13/2023 15:34,23.6,9/13/2023 15:34,1018,9/13/2023 15:34,-41.4,,,
9/13/2023 15:35,23.6,9/13/2023 15:35,1018,9/13/2023 15:35,-41.7,,,
9/13/2023 15:35,23.6,9/13/2023 15:35,1018,9/13/2023 15:35,-41.5,,,
9/13/2023 15:35,23.6,9/13/2023 15:35,1018,9/13/2023 15:35,-41.5,,,
9/13/2023 15:35,23.6,9/13/2023 15:35,1018,9/13/2023 15:35,-41.2,,,
9/13/2023 15:35,23.6,9/13/2023 15:35,1018,9/13/2023 15:35,-41.5,,,
9/13/2023 15:35,23.6,9/13/2023 15:35,1018,9/13/2023 15:35,-41,,,
9/13/2023 15:36,23.6,9/13/2023 15:36,1018,9/13/2023 15:36,-41.8,,,
9/13/2023 15:36,23.6,9/13/2023 15:36,1018,9/13/2023 15:36,-41.3,,,
9/13/2023 15:36,23.6,9/13/2023 15:36,1018,9/13/2023 15:36,-41.1,,,
9/13/2023 15:36,23.7,9/13/2023 15:36,1018,9/13/2023 15:36,-41.2,,,
9/13/2023 15:36,23.7,9/13/2023 15:36,1018,9/13/2023 15:36,-41.3,,,
9/13/2023 15:36,23.7,9/13/2023 15:36,1018,9/13/2023 15:36,-41.3,,,
9/13/2023 15:37,23.7,9/13/2023 15:37,1018,9/13/2023 15:37,-41.2,,,
9/13/2023 15:37,23.7,9/13/2023 15:37,1018,9/13/2023 15:37,-41.3,,,
9/13/2023 15:37,23.7,9/13/2023 15:37,1018,9/13/2023 15:37,-41.2,,,
9/13/2023 15:37,23.7,9/13/2023 15:37,1018,9/13/2023 15:37,-41.5,,,
9/13/2023 15:37,23.7,9/13/2023 15:37,1018,9/13/2023 15:37,-41,,,
9/13/2023 15:37,23.7,9/13/2023 15:37,1018,9/13/2023 15:37,-41.2,,,
9/13/2023 15:38,23.8,9/13/2023 15:38,1018,9/13/2023 15:38,-41.3,,,
9/13/2023 15:38,23.8,9/13/2023 15:38,1018,9/13/2023 15:38,-41.6,,,
9/13/2023 15:38,23.8,9/13/2023 15:38,1018,9/13/2023 15:38,-41.7,,,
9/13/2023 15:38,23.8,9/13/2023 15:38,1018,9/13/2023 15:38,-41.3,,,
9/13/2023 15:38,23.8,9/13/2023 15:38,1018,9/13/2023 15:38,-41.3,,,
9/13/2023 15:38,23.8,9/13/2023 15:38,1018,9/13/2023 15:38,-41.8,,,
9/13/2023 15:39,23.8,9/13/2023 15:39,1018,9/13/2023 15:39,-41.4,,,
9/13/2023 15:39,23.8,9/13/2023 15:39,1018,9/13/2023 15:39,-41.3,,,
9/13/2023 15:39,23.8,9/13/2023 15:39,1018,9/13/2023 15:39,-41.3,,,
9/13/2023 15:39,23.8,9/13/2023 15:39,1018,9/13/2023 15:39,-41.5,,,
9/13/2023 15:39,23.8,9/13/2023 15:39,1018,9/13/2023 15:39,-41.1,,,
9/13/2023 15:39,23.8,9/13/2023 15:39,1018,9/13/2023 15:39,-41.1,,,
9/13/2023 15:40,23.8,9/13/2023 15:40,1018,9/13/2023 15:40,-41,,,
9/13/2023 15:40,23.8,9/13/2023 15:40,1018,9/13/2023 15:40,-41.1,,,
9/13/2023 15:40,23.8,9/13/2023 15:40,1018,9/13/2023 15:40,-41.1,,,
9/13/2023 15:40,23.8,9/13/2023 15:40,1018,9/13/2023 15:40,-41,,,
9/13/2023 15:40,23.8,9/13/2023 15:40,1018,9/13/2023 15:40,-41.2,,,
9/13/2023 15:40,23.8,9/13/2023 15:40,1018,9/13/2023 15:40,-41,,,
9/13/2023 15:41,23.8,9/13/2023 15:41,1018,9/13/2023 15:41,-41,,,
9/13/2023 15:41,23.8,9/13/2023 15:41,1018,9/13/2023 15:41,-41.4,,,
9/13/2023 15:41,23.7,9/13/2023 15:41,1018,9/13/2023 15:41,-40.6,,,
9/13/2023 15:41,23.7,9/13/2023 15:41,1018,9/13/2023 15:41,-40.4,,,
9/13/2023 15:41,23.7,9/13/2023 15:41,1018,9/13/2023 15:41,-40.6,,,
9/13/2023 15:41,23.7,9/13/2023 15:41,1018,9/13/2023 15:41,-40.8,,,
9/13/2023 15:42,23.7,9/13/2023 15:42,1018,9/13/2023 15:42,-41,,,
9/13/2023 15:42,23.7,9/13/2023 15:42,1018,9/13/2023 15:42,-40.8,,,
9/13/2023 15:42,23.7,9/13/2023 15:42,1018,9/13/2023 15:42,-41.2,,,
9/13/2023 15:42,23.7,9/13/2023 15:42,1018,9/13/2023 15:42,-40.8,,,
9/13/2023 15:42,23.7,9/13/2023 15:42,1018,9/13/2023 15:42,-40.9,,,
9/13/2023 15:42,23.7,9/13/2023 15:42,1018,9/13/2023 15:42,-41.3,,,
9/13/2023 15:43,23.7,9/13/2023 15:43,1018,9/13/2023 15:43,-40.7,,,
9/13/2023 15:43,23.7,9/13/2023 15:43,1018,9/13/2023 15:43,-40.9,,,
9/13/2023 15:43,23.7,9/13/2023 15:43,1018,9/13/2023 15:43,-40.6,,,
9/13/2023 15:43,23.7,9/13/2023 15:43,1018,9/13/2023 15:43,-41,,,
9/13/2023 15:43,23.7,9/13/2023 15:43,1018,9/13/2023 15:43,-40.7,,,
9/13/2023 15:43,23.7,9/13/2023 15:43,1018,9/13/2023 15:43,-40.6,,,
9/13/2023 15:44,23.7,9/13/2023 15:44,1018,9/13/2023 15:44,-40.7,,,
9/13/2023 15:44,23.7,9/13/2023 15:44,1018,9/13/2023 15:44,-40.6,,,
9/13/2023 15:44,23.7,9/13/2023 15:44,1018,9/13/2023 15:44,-41.2,,,
9/13/2023 15:44,23.7,9/13/2023 15:44,1018,9/13/2023 15:44,-40.5,,,
9/13/2023 15:44,23.7,9/13/2023 15:44,1018,9/13/2023 15:44,-40.7,,,
9/13/2023 15:44,23.7,9/13/2023 15:44,1018,9/13/2023 15:44,-40.6,,,
9/13/2023 15:45,23.7,9/13/2023 15:45,1018,9/13/2023 15:45,-40.3,,,
9/13/2023 15:45,23.7,9/13/2023 15:45,1018,9/13/2023 15:45,-40.8,,,
9/13/2023 15:45,23.8,9/13/2023 15:45,1018,9/13/2023 15:45,-40.4,,,
9/13/2023 15:45,23.8,9/13/2023 15:45,1018,9/13/2023 15:45,-40.3,,,
9/13/2023 15:45,,9/13/2023 15:45,,9/13/2023 15:45,,,,
9/13/2023 15:45,24.1,9/13/2023 15:45,1018,9/13/2023 15:45,-40.3,,,
9/13/2023 15:46,23.8,9/13/2023 15:46,1018,9/13/2023 15:46,-40.5,,,
9/13/2023 15:46,23.8,9/13/2023 15:46,1018,9/13/2023 15:46,-40.7,,,
9/13/2023 15:46,23.8,9/13/2023 15:46,1018,9/13/2023 15:46,-40.4,,,
9/13/2023 15:46,23.8,9/13/2023 15:46,1018,9/13/2023 15:46,-40.7,,,
9/13/2023 15:46,23.8,9/13/2023 15:46,1018,9/13/2023 15:46,-40.6,,,
9/13/2023 15:46,23.8,9/13/2023 15:46,1018,9/13/2023 15:46,-40.7,,,
9/13/2023 15:47,23.8,9/13/2023 15:47,1018,9/13/2023 15:47,-40.6,,,
9/13/2023 15:47,23.8,9/13/2023 15:47,1018,9/13/2023 15:47,-40.4,,,
9/13/2023 15:47,23.8,9/13/2023 15:47,1018,9/13/2023 15:47,-40.8,,,
9/13/2023 15:47,23.8,9/13/2023 15:47,1018,9/13/2023 15:47,-40.8,,,
9/13/2023 15:47,23.8,9/13/2023 15:47,1018,9/13/2023 15:47,-40.1,,,
9/13/2023 15:47,23.8,9/13/2023 15:47,1018,9/13/2023 15:47,-40.3,,,
9/13/2023 15:48,23.8,9/13/2023 15:48,1018,9/13/2023 15:48,-40.6,,,
9/13/2023 15:48,23.8,9/13/2023 15:48,1018,9/13/2023 15:48,-40.5,,,
9/13/2023 15:48,23.8,9/13/2023 15:48,1018,9/13/2023 15:48,-40.4,,,
9/13/2023 15:48,23.8,9/13/2023 15:48,1018,9/13/2023 15:48,-40.4,,,
9/13/2023 15:48,23.8,9/13/2023 15:48,1018,9/13/2023 15:48,-40.3,,,
9/13/2023 15:48,23.8,9/13/2023 15:48,1018,9/13/2023 15:48,-40.3,,,
9/13/2023 15:49,23.8,9/13/2023 15:49,1018,9/13/2023 15:49,-40.3,,,
9/13/2023 15:49,23.8,9/13/2023 15:49,1018,9/13/2023 15:49,-40.4,,,
9/13/2023 15:49,23.8,9/13/2023 15:49,1018,9/13/2023 15:49,-39.9,,,
9/13/2023 15:49,23.8,9/13/2023 15:49,1018,9/13/2023 15:49,-40.2,,,
9/13/2023 15:49,23.8,9/13/2023 15:49,1018,9/13/2023 15:49,-40.7,,,
9/13/2023 15:49,23.8,9/13/2023 15:49,1018,9/13/2023 15:49,-40.1,,,
9/13/2023 15:50,23.8,9/13/2023 15:50,1018,9/13/2023 15:50,-40.3,,,
9/13/2023 15:50,23.8,9/13/2023 15:50,1018,9/13/2023 15:50,-40.1,,,
9/13/2023 15:50,23.8,9/13/2023 15:50,1018,9/13/2023 15:50,-39.9,,,
9/13/2023 15:50,23.8,9/13/2023 15:50,1018,9/13/2023 15:50,-40.2,,,
9/13/2023 15:50,23.8,9/13/2023 15:50,1018,9/13/2023 15:50,-40.3,,,
9/13/2023 15:50,23.8,9/13/2023 15:50,1018,9/13/2023 15:50,-40.3,,,
9/13/2023 15:51,23.8,9/13/2023 15:51,1018,9/13/2023 15:51,-40.3,,,
9/13/2023 15:51,23.8,9/13/2023 15:51,1018,9/13/2023 15:51,-40.3,,,
9/13/2023 15:51,23.8,9/13/2023 15:51,1018,9/13/2023 15:51,-40.2,,,
9/13/2023 15:51,23.8,9/13/2023 15:51,1018,9/13/2023 15:51,-40.1,,,
9/13/2023 15:51,23.8,9/13/2023 15:51,1018,9/13/2023 15:51,-40.3,,,
9/13/2023 15:51,23.8,9/13/2023 15:51,1018,9/13/2023 15:51,-40.4,,,
9/13/2023 15:52,23.8,9/13/2023 15:52,1018,9/13/2023 15:52,-40.5,,,
9/13/2023 15:52,23.8,9/13/2023 15:52,1018,9/13/2023 15:52,-40.3,,,
9/13/2023 15:52,23.8,9/13/2023 15:52,1018,9/13/2023 15:52,-40.4,,,
9/13/2023 15:52,23.8,9/13/2023 15:52,1018,9/13/2023 15:52,-40.6,,,
9/13/2023 15:52,23.8,9/13/2023 15:52,1018,9/13/2023 15:52,-40.4,,,
9/13/2023 15:52,23.8,9/13/2023 15:52,1018,9/13/2023 15:52,-39.8,,,
9/13/2023 15:53,23.8,9/13/2023 15:53,1018,9/13/2023 15:53,-40.1,,,
9/13/2023 15:53,23.8,9/13/2023 15:53,1018,9/13/2023 15:53,-40.3,,,
9/13/2023 15:53,23.8,9/13/2023 15:53,1018,9/13/2023 15:53,-39.8,,,
9/13/2023 15:53,23.8,9/13/2023 15:53,1018,9/13/2023 15:53,-40.1,,,
9/13/2023 15:53,23.8,9/13/2023 15:53,1018,9/13/2023 15:53,-39.5,,,
9/13/2023 15:53,23.8,9/13/2023 15:53,1018,9/13/2023 15:53,-39.8,,,
9/13/2023 15:54,23.8,9/13/2023 15:54,1018,9/13/2023 15:54,-39.9,,,
9/13/2023 15:54,23.8,9/13/2023 15:54,1018,9/13/2023 15:54,-39.5,,,
9/13/2023 15:54,23.9,9/13/2023 15:54,1018,9/13/2023 15:54,-39.9,,,
9/13/2023 15:54,23.9,9/13/2023 15:54,1018,9/13/2023 15:54,-39.4,,,
9/13/2023 15:54,23.9,9/13/2023 15:54,1018,9/13/2023 15:54,-39.6,,,
9/13/2023 15:54,23.9,9/13/2023 15:54,1018,9/13/2023 15:54,-39.5,,,
9/13/2023 15:55,23.9,9/13/2023 15:55,1018,9/13/2023 15:55,-39.5,,,
9/13/2023 15:55,23.9,9/13/2023 15:55,1018,9/13/2023 15:55,-39.6,,,
9/13/2023 15:55,23.9,9/13/2023 15:55,1018,9/13/2023 15:55,-39.6,,,
9/13/2023 15:55,23.9,9/13/2023 15:55,1018,9/13/2023 15:55,-39.3,,,
9/13/2023 15:55,23.9,9/13/2023 15:55,1018,9/13/2023 15:55,-39.4,,,
9/13/2023 15:55,23.9,9/13/2023 15:55,1018,9/13/2023 15:55,-39.5,,,
9/13/2023 15:56,23.9,9/13/2023 15:56,1018,9/13/2023 15:56,-39.5,,,
9/13/2023 15:56,23.9,9/13/2023 15:56,1018,9/13/2023 15:56,-39.2,,,
9/13/2023 15:56,23.9,9/13/2023 15:56,1018,9/13/2023 15:56,-39.3,,,
9/13/2023 15:56,23.9,9/13/2023 15:56,1018,9/13/2023 15:56,-39.5,,,
9/13/2023 15:56,23.9,9/13/2023 15:56,1018,9/13/2023 15:56,-39.2,,,
9/13/2023 15:56,23.9,9/13/2023 15:56,1018,9/13/2023 15:56,-39.3,,,
9/13/2023 15:57,23.9,9/13/2023 15:57,1018,9/13/2023 15:57,-39,,,
9/13/2023 15:57,23.9,9/13/2023 15:57,1018,9/13/2023 15:57,-39.1,,,
9/13/2023 15:57,23.9,9/13/2023 15:57,1018,9/13/2023 15:57,-39.1,,,
9/13/2023 15:57,23.9,9/13/2023 15:57,1018,9/13/2023 15:57,-39,,,
9/13/2023 15:57,23.9,9/13/2023 15:57,1018,9/13/2023 15:57,-39.1,,,
9/13/2023 15:57,23.9,9/13/2023 15:57,1018,9/13/2023 15:57,-39.2,,,
9/13/2023 15:58,23.9,9/13/2023 15:58,1018,9/13/2023 15:58,-39.3,,,
9/13/2023 15:58,23.9,9/13/2023 15:58,1018,9/13/2023 15:58,-39.2,,,
9/13/2023 15:58,23.9,9/13/2023 15:58,1018,9/13/2023 15:58,-38.9,,,
9/13/2023 15:58,23.9,9/13/2023 15:58,1018,9/13/2023 15:58,-39.3,,,
9/13/2023 15:58,23.9,9/13/2023 15:58,1018,9/13/2023 15:58,-38.9,,,
9/13/2023 15:58,23.9,9/13/2023 15:58,1018,9/13/2023 15:58,-39.1,,,
9/13/2023 15:59,23.9,9/13/2023 15:59,1018,9/13/2023 15:59,-39.2,,,
9/13/2023 15:59,23.9,9/13/2023 15:59,1018,9/13/2023 15:59,-39.2,,,
9/13/2023 15:59,23.9,9/13/2023 15:59,1018,9/13/2023 15:59,-39.1,,,
9/13/2023 15:59,23.9,9/13/2023 15:59,1018,9/13/2023 15:59,-38.9,,,
9/13/2023 15:59,23.9,9/13/2023 15:59,1018,9/13/2023 15:59,-39.4,,,
9/13/2023 15:59,23.9,9/13/2023 15:59,1018,9/13/2023 15:59,-39,,,
9/13/2023 16:00,23.9,9/13/2023 16:00,1018,9/13/2023 16:00,-39,,,
9/13/2023 16:00,23.9,9/13/2023 16:00,1018,9/13/2023 16:00,-39.1,,,
9/13/2023 16:00,23.9,9/13/2023 16:00,1018,9/13/2023 16:00,-39.1,,,
9/13/2023 16:00,23.9,9/13/2023 16:00,1018,9/13/2023 16:00,-39,,,
9/13/2023 16:00,23.9,9/13/2023 16:00,1018,9/13/2023 16:00,-39.1,,,
9/13/2023 16:00,23.9,9/13/2023 16:00,1018,9/13/2023 16:00,-39,,,
9/13/2023 16:01,23.9,9/13/2023 16:01,1018,9/13/2023 16:01,-39.1,,,
9/13/2023 16:01,23.9,9/13/2023 16:01,1018,9/13/2023 16:01,-39.2,,,
9/13/2023 16:01,23.9,9/13/2023 16:01,1018,9/13/2023 16:01,-39.2,,,
9/13/2023 16:01,23.9,9/13/2023 16:01,1018,9/13/2023 16:01,-38.6,,,
9/13/2023 16:01,23.9,9/13/2023 16:01,1018,9/13/2023 16:01,-39,,,
9/13/2023 16:01,23.9,9/13/2023 16:01,1018,9/13/2023 16:01,-38.9,,,
9/13/2023 16:02,23.9,9/13/2023 16:02,1018,9/13/2023 16:02,-39.1,,,
9/13/2023 16:02,23.9,9/13/2023 16:02,1018,9/13/2023 16:02,-38.9,,,
9/13/2023 16:02,23.9,9/13/2023 16:02,1018,9/13/2023 16:02,-39.1,,,
9/13/2023 16:02,23.9,9/13/2023 16:02,1018,9/13/2023 16:02,-39,,,
9/13/2023 16:02,23.9,9/13/2023 16:02,1018,9/13/2023 16:02,-38.5,,,
9/13/2023 16:02,23.9,9/13/2023 16:02,1018,9/13/2023 16:02,-38.7,,,
9/13/2023 16:03,23.9,9/13/2023 16:03,1018,9/13/2023 16:03,-38.6,,,
9/13/2023 16:03,24,9/13/2023 16:03,1018,9/13/2023 16:03,-38.8,,,
9/13/2023 16:03,23.9,9/13/2023 16:03,1018,9/13/2023 16:03,-38.8,,,
9/13/2023 16:03,23.9,9/13/2023 16:03,1018,9/13/2023 16:03,-38.8,,,
9/13/2023 16:03,23.9,9/13/2023 16:03,1018,9/13/2023 16:03,-39.1,,,
9/13/2023 16:03,23.9,9/13/2023 16:03,1018,9/13/2023 16:03,-38.3,,,
9/13/2023 16:04,23.9,9/13/2023 16:04,1018,9/13/2023 16:04,-38.8,,,
9/13/2023 16:04,23.9,9/13/2023 16:04,1018,9/13/2023 16:04,-38.6,,,
9/13/2023 16:04,23.9,9/13/2023 16:04,1018,9/13/2023 16:04,-38.7,,,
9/13/2023 16:04,24,9/13/2023 16:04,1018,9/13/2023 16:04,-38.4,,,
9/13/2023 16:04,23.9,9/13/2023 16:04,1018,9/13/2023 16:04,-38.6,,,
9/13/2023 16:04,24,9/13/2023 16:04,1018,9/13/2023 16:04,-39.1,,,
9/13/2023 16:05,24,9/13/2023 16:05,1018,9/13/2023 16:05,-38.8,,,
9/13/2023 16:05,23.9,9/13/2023 16:05,1018,9/13/2023 16:05,-38.6,,,
9/13/2023 16:05,23.9,9/13/2023 16:05,1018,9/13/2023 16:05,-38.8,,,
9/13/2023 16:05,23.8,9/13/2023 16:05,1018,9/13/2023 16:05,-38.9,,,
9/13/2023 16:05,23.8,9/13/2023 16:05,1018,9/13/2023 16:05,-38.8,,,
9/13/2023 16:05,23.8,9/13/2023 16:05,1018,9/13/2023 16:05,-38.5,,,
9/13/2023 16:06,23.8,9/13/2023 16:06,1018,9/13/2023 16:06,-38.4,,,
9/13/2023 16:06,23.8,9/13/2023 16:06,1018,9/13/2023 16:06,-39,,,
9/13/2023 16:06,23.7,9/13/2023 16:06,1018,9/13/2023 16:06,-38.8,,,
9/13/2023 16:06,23.7,9/13/2023 16:06,1018,9/13/2023 16:06,-38.6,,,
9/13/2023 16:06,23.7,9/13/2023 16:06,1018,9/13/2023 16:06,-39,,,
9/13/2023 16:06,23.7,9/13/2023 16:06,1018,9/13/2023 16:06,-39,,,
9/13/2023 16:07,23.7,9/13/2023 16:07,1018,9/13/2023 16:07,-38.8,,,
9/13/2023 16:07,23.7,9/13/2023 16:07,1018,9/13/2023 16:07,-39.1,,,
9/13/2023 16:07,23.7,9/13/2023 16:07,1018,9/13/2023 16:07,-38.9,,,
9/13/2023 16:07,23.6,9/13/2023 16:07,1018,9/13/2023 16:07,-39.1,,,
9/13/2023 16:07,23.6,9/13/2023 16:07,1018,9/13/2023 16:07,-39.1,,,
9/13/2023 16:07,23.7,9/13/2023 16:07,1018,9/13/2023 16:07,-38.8,,,
9/13/2023 16:08,23.7,9/13/2023 16:08,1018,9/13/2023 16:08,-38.7,,,
9/13/2023 16:08,23.7,9/13/2023 16:08,1018,9/13/2023 16:08,-38.4,,,
9/13/2023 16:08,23.8,9/13/2023 16:08,1018,9/13/2023 16:08,-39.1,,,
9/13/2023 16:08,23.8,9/13/2023 16:08,1018,9/13/2023 16:08,-38.7,,,
9/13/2023 16:08,23.8,9/13/2023 16:08,1018,9/13/2023 16:08,-38.8,,,
9/13/2023 16:08,23.9,9/13/2023 16:08,1018,9/13/2023 16:08,-39,,,
9/13/2023 16:09,23.9,9/13/2023 16:09,1018,9/13/2023 16:09,-39.1,,,
9/13/2023 16:09,23.9,9/13/2023 16:09,1018,9/13/2023 16:09,-38.7,,,
9/13/2023 16:09,24,9/13/2023 16:09,1018,9/13/2023 16:09,-38.8,,,
9/13/2023 16:09,24,9/13/2023 16:09,1018,9/13/2023 16:09,-38.8,,,
9/13/2023 16:09,24,9/13/2023 16:09,1018,9/13/2023 16:09,-38.6,,,
9/13/2023 16:09,24,9/13/2023 16:09,1018,9/13/2023 16:09,-38.7,,,
9/13/2023 16:10,24.1,9/13/2023 16:10,1018,9/13/2023 16:10,-38.7,,,
9/13/2023 16:10,24.1,9/13/2023 16:10,1018,9/13/2023 16:10,-38.6,,,
9/13/2023 16:10,24.1,9/13/2023 16:10,1018,9/13/2023 16:10,-38.9,,,
9/13/2023 16:10,24.1,9/13/2023 16:10,1018,9/13/2023 16:10,-38.6,,,
9/13/2023 16:10,24.1,9/13/2023 16:10,1018,9/13/2023 16:10,-38.8,,,
9/13/2023 16:10,24.1,9/13/2023 16:10,1018,9/13/2023 16:10,-38.7,,,
9/13/2023 16:11,24.1,9/13/2023 16:11,1018,9/13/2023 16:11,-38.4,,,
9/13/2023 16:11,24.1,9/13/2023 16:11,1018,9/13/2023 16:11,-38.5,,,
9/13/2023 16:11,24.1,9/13/2023 16:11,1018,9/13/2023 16:11,-38.7,,,
9/13/2023 16:11,24.1,9/13/2023 16:11,1018,9/13/2023 16:11,-38.6,,,
9/13/2023 16:11,24.1,9/13/2023 16:11,1018,9/13/2023 16:11,-39,,,
9/13/2023 16:11,24.2,9/13/2023 16:11,1018,9/13/2023 16:11,-38.4,,,
9/13/2023 16:12,24.2,9/13/2023 16:12,1018,9/13/2023 16:12,-38.5,,,
9/13/2023 16:12,24.2,9/13/2023 16:12,1018,9/13/2023 16:12,-38.3,,,
9/13/2023 16:12,24.2,9/13/2023 16:12,1018,9/13/2023 16:12,-38,,,
9/13/2023 16:12,24.2,9/13/2023 16:12,1018,9/13/2023 16:12,-38.8,,,
9/13/2023 16:12,24.2,9/13/2023 16:12,1018,9/13/2023 16:12,-38.3,,,
9/13/2023 16:12,24.2,9/13/2023 16:12,1018,9/13/2023 16:12,-38.6,,,
9/13/2023 16:13,24.2,9/13/2023 16:13,1018,9/13/2023 16:13,-39.1,,,
9/13/2023 16:13,24.2,9/13/2023 16:13,1018,9/13/2023 16:13,-38.4,,,
9/13/2023 16:13,24.1,9/13/2023 16:13,1018,9/13/2023 16:13,-38.8,,,
9/13/2023 16:13,24.1,9/13/2023 16:13,1018,9/13/2023 16:13,-38.6,,,
9/13/2023 16:13,24.1,9/13/2023 16:13,1018,9/13/2023 16:13,-38.3,,,
9/13/2023 16:13,24.1,9/13/2023 16:13,1018,9/13/2023 16:13,-38.6,,,
9/13/2023 16:14,24.1,9/13/2023 16:14,1018,9/13/2023 16:14,-38.6,,,
9/13/2023 16:14,24.1,9/13/2023 16:14,1018,9/13/2023 16:14,-38.7,,,
9/13/2023 16:14,24.1,9/13/2023 16:14,1018,9/13/2023 16:14,-38.7,,,
9/13/2023 16:14,24.1,9/13/2023 16:14,1018,9/13/2023 16:14,-38.8,,,
9/13/2023 16:14,24.1,9/13/2023 16:14,1018,9/13/2023 16:14,-38.8,,,
9/13/2023 16:14,24.1,9/13/2023 16:14,1018,9/13/2023 16:14,-38.6,,,
9/13/2023 16:15,24.1,9/13/2023 16:15,1018,9/13/2023 16:15,-38.5,,,
9/13/2023 16:15,24.1,9/13/2023 16:15,1018,9/13/2023 16:15,-38.4,,,
9/13/2023 16:15,24.1,9/13/2023 16:15,1018,9/13/2023 16:15,-38.3,,,
9/13/2023 16:15,24.1,9/13/2023 16:15,1018,9/13/2023 16:15,-38.7,,,
9/13/2023 16:15,24.1,9/13/2023 16:15,1018,9/13/2023 16:15,-38.6,,,
9/13/2023 16:15,24.1,9/13/2023 16:15,1018,9/13/2023 16:15,-38.5,,,
9/13/2023 16:16,24.1,9/13/2023 16:16,1018,9/13/2023 16:16,-38.3,,,
9/13/2023 16:16,24.1,9/13/2023 16:16,1018,9/13/2023 16:16,-39,,,
9/13/2023 16:16,24.1,9/13/2023 16:16,1018,9/13/2023 16:16,-38.7,,,
9/13/2023 16:16,24.1,9/13/2023 16:16,1018,9/13/2023 16:16,-38.6,,,
9/13/2023 16:16,24.1,9/13/2023 16:16,1018,9/13/2023 16:16,-39,,,
9/13/2023 16:16,24.1,9/13/2023 16:16,1018,9/13/2023 16:16,-38.6,,,
9/13/2023 16:17,24.1,9/13/2023 16:17,1018,9/13/2023 16:17,-38.6,,,
9/13/2023 16:17,24.1,9/13/2023 16:17,1018,9/13/2023 16:17,-38.8,,,
9/13/2023 16:17,24.1,9/13/2023 16:17,1018,9/13/2023 16:17,-39.2,,,
9/13/2023 16:17,24.1,9/13/2023 16:17,1018,9/13/2023 16:17,-38.8,,,
9/13/2023 16:17,24.1,9/13/2023 16:17,1018,9/13/2023 16:17,-38.8,,,
9/13/2023 16:17,24.1,9/13/2023 16:17,1018,9/13/2023 16:17,-38.4,,,
9/13/2023 16:18,24,9/13/2023 16:18,1018,9/13/2023 16:18,-38.7,,,
9/13/2023 16:18,24,9/13/2023 16:18,1018,9/13/2023 16:18,-38.6,,,
9/13/2023 16:18,24,9/13/2023 16:18,1018,9/13/2023 16:18,-38.8,,,
9/13/2023 16:18,24,9/13/2023 16:18,1018,9/13/2023 16:18,-38.6,,,
9/13/2023 16:18,24,9/13/2023 16:18,1018,9/13/2023 16:18,-38.5,,,
9/13/2023 16:18,24,9/13/2023 16:18,1018,9/13/2023 16:18,-38.6,,,
9/13/2023 16:19,24,9/13/2023 16:19,1018,9/13/2023 16:19,-38.7,,,
9/13/2023 16:19,24,9/13/2023 16:19,1018,9/13/2023 16:19,-38.8,,,
9/13/2023 16:19,24,9/13/2023 16:19,1018,9/13/2023 16:19,-38.7,,,
9/13/2023 16:19,24,9/13/2023 16:19,1018,9/13/2023 16:19,-39.1,,,
9/13/2023 16:19,24,9/13/2023 16:19,1018,9/13/2023 16:19,-38.9,,,
9/13/2023 16:19,24,9/13/2023 16:19,1018,9/13/2023 16:19,-38.9,,,
9/13/2023 16:20,24,9/13/2023 16:20,1018,9/13/2023 16:20,-38.6,,,
9/13/2023 16:20,24,9/13/2023 16:20,1018,9/13/2023 16:20,-38.9,,,
9/13/2023 16:20,24,9/13/2023 16:20,1018,9/13/2023 16:20,-38.4,,,
9/13/2023 16:20,24,9/13/2023 16:20,1018,9/13/2023 16:20,-38.9,,,
9/13/2023 16:20,24,9/13/2023 16:20,1018,9/13/2023 16:20,-38.8,,,
9/13/2023 16:20,24,9/13/2023 16:20,1018,9/13/2023 16:20,-39.1,,,
9/13/2023 16:21,24,9/13/2023 16:21,1018,9/13/2023 16:21,-38.8,,,
9/13/2023 16:21,24,9/13/2023 16:21,1018,9/13/2023 16:21,-38.8,,,
9/13/2023 16:21,24,9/13/2023 16:21,1018,9/13/2023 16:21,-38.6,,,
9/13/2023 16:21,24,9/13/2023 16:21,1018,9/13/2023 16:21,-38.5,,,
9/13/2023 16:21,24,9/13/2023 16:21,1018,9/13/2023 16:21,-38.8,,,
9/13/2023 16:21,24,9/13/2023 16:21,1018,9/13/2023 16:21,-38.4,,,
9/13/2023 16:22,24,9/13/2023 16:22,1018,9/13/2023 16:22,-38.9,,,
9/13/2023 16:22,24,9/13/2023 16:22,1018,9/13/2023 16:22,-38.8,,,
9/13/2023 16:22,24,9/13/2023 16:22,1018,9/13/2023 16:22,-38.6,,,
9/13/2023 16:22,24,9/13/2023 16:22,1018,9/13/2023 16:22,-38.7,,,
9/13/2023 16:22,24,9/13/2023 16:22,1018,9/13/2023 16:22,-39.1,,,
9/13/2023 16:22,24,9/13/2023 16:22,1018,9/13/2023 16:22,-38.9,,,
9/13/2023 16:23,24,9/13/2023 16:23,1018,9/13/2023 16:23,-38.8,,,
9/13/2023 16:23,23.9,9/13/2023 16:23,1018,9/13/2023 16:23,-38.8,,,
9/13/2023 16:23,23.9,9/13/2023 16:23,1018,9/13/2023 16:23,-38.8,,,
9/13/2023 16:23,23.9,9/13/2023 16:23,1018,9/13/2023 16:23,-38.9,,,
9/13/2023 16:23,23.9,9/13/2023 16:23,1018,9/13/2023 16:23,-39.1,,,
9/13/2023 16:23,23.9,9/13/2023 16:23,1018,9/13/2023 16:23,-38.7,,,
9/13/2023 16:24,23.9,9/13/2023 16:24,1018,9/13/2023 16:24,-39.1,,,
9/13/2023 16:24,23.9,9/13/2023 16:24,1018,9/13/2023 16:24,-39.1,,,
9/13/2023 16:24,23.9,9/13/2023 16:24,1018,9/13/2023 16:24,-38.9,,,
9/13/2023 16:24,23.9,9/13/2023 16:24,1018,9/13/2023 16:24,-38.5,,,
9/13/2023 16:24,24,9/13/2023 16:24,1018,9/13/2023 16:24,-38.7,,,
9/13/2023 16:24,24,9/13/2023 16:24,1018,9/13/2023 16:24,-38.5,,,
9/13/2023 16:25,24.1,9/13/2023 16:25,1018,9/13/2023 16:25,-38.7,,,
9/13/2023 16:25,24.1,9/13/2023 16:25,1018,9/13/2023 16:25,-38.6,,,
9/13/2023 16:25,24.2,9/13/2023 16:25,1018,9/13/2023 16:25,-38.2,,,
9/13/2023 16:25,24.2,9/13/2023 16:25,1018,9/13/2023 16:25,-38.7,,,
9/13/2023 16:25,24.2,9/13/2023 16:25,1018,9/13/2023 16:25,-38.4,,,
9/13/2023 16:25,24.3,9/13/2023 16:25,1018,9/13/2023 16:25,-38.3,,,
9/13/2023 16:26,24.3,9/13/2023 16:26,1018,9/13/2023 16:26,-38.2,,,
9/13/2023 16:26,24.3,9/13/2023 16:26,1018,9/13/2023 16:26,-38.4,,,
9/13/2023 16:26,24.4,9/13/2023 16:26,1018,9/13/2023 16:26,-38.5,,,
9/13/2023 16:26,24.4,9/13/2023 16:26,1018,9/13/2023 16:26,-37.8,,,
9/13/2023 16:26,24.5,9/13/2023 16:26,1018,9/13/2023 16:26,-37.7,,,
9/13/2023 16:26,24.5,9/13/2023 16:26,1018,9/13/2023 16:26,-37.7,,,
9/13/2023 16:27,24.5,9/13/2023 16:27,1018,9/13/2023 16:27,-38.1,,,
9/13/2023 16:27,24.6,9/13/2023 16:27,1018,9/13/2023 16:27,-37.9,,,
9/13/2023 16:27,24.6,9/13/2023 16:27,1018,9/13/2023 16:27,-37.7,,,
9/13/2023 16:27,24.6,9/13/2023 16:27,1018,9/13/2023 16:27,-37.7,,,
9/13/2023 16:27,24.7,9/13/2023 16:27,1018,9/13/2023 16:27,-38,,,
9/13/2023 16:27,24.7,9/13/2023 16:27,1018,9/13/2023 16:27,-37.7,,,
9/13/2023 16:28,24.7,9/13/2023 16:28,1018,9/13/2023 16:28,-37.8,,,
9/13/2023 16:28,24.8,9/13/2023 16:28,1018,9/13/2023 16:28,-37.7,,,
9/13/2023 16:28,24.8,9/13/2023 16:28,1018,9/13/2023 16:28,-37.3,,,
9/13/2023 16:28,24.8,9/13/2023 16:28,1018,9/13/2023 16:28,-37.3,,,
9/13/2023 16:28,24.9,9/13/2023 16:28,1018,9/13/2023 16:28,-37.5,,,
9/13/2023 16:28,24.9,9/13/2023 16:28,1018,9/13/2023 16:28,-37.4,,,
9/13/2023 16:29,24.9,9/13/2023 16:29,1018,9/13/2023 16:29,-37.2,,,
9/13/2023 16:29,24.9,9/13/2023 16:29,1018,9/13/2023 16:29,-37.3,,,
9/13/2023 16:29,25,9/13/2023 16:29,1018,9/13/2023 16:29,-37.3,,,
9/13/2023 16:29,25,9/13/2023 16:29,1018,9/13/2023 16:29,-37.2,,,
9/13/2023 16:29,25,9/13/2023 16:29,1018,9/13/2023 16:29,-37.1,,,
9/13/2023 16:29,25.1,9/13/2023 16:29,1018,9/13/2023 16:29,-36.9,,,
9/13/2023 16:30,25.1,9/13/2023 16:30,1018,9/13/2023 16:30,-36.8,,,
9/13/2023 16:30,25.1,9/13/2023 16:30,1018,9/13/2023 16:30,-37.1,,,
9/13/2023 16:30,25.1,9/13/2023 16:30,1018,9/13/2023 16:30,-36.7,,,
9/13/2023 16:30,25.2,9/13/2023 16:30,1018,9/13/2023 16:30,-37,,,
9/13/2023 16:30,25.2,9/13/2023 16:30,1018,9/13/2023 16:30,-37.2,,,
9/13/2023 16:30,25.2,9/13/2023 16:30,1018,9/13/2023 16:30,-37.2,,,
9/13/2023 16:31,25.3,9/13/2023 16:31,1018,9/13/2023 16:31,-36.7,,,
9/13/2023 16:31,25.3,9/13/2023 16:31,1018,9/13/2023 16:31,-37,,,
9/13/2023 16:31,25.3,9/13/2023 16:31,1018,9/13/2023 16:31,-36.8,,,
9/13/2023 16:31,25.3,9/13/2023 16:31,1018,9/13/2023 16:31,-37.2,,,
9/13/2023 16:31,25.4,9/13/2023 16:31,1018,9/13/2023 16:31,-36.6,,,
9/13/2023 16:31,25.4,9/13/2023 16:31,1018,9/13/2023 16:31,-36.8,,,
9/13/2023 16:32,25.4,9/13/2023 16:32,1018,9/13/2023 16:32,-36.6,,,
9/13/2023 16:32,25.4,9/13/2023 16:32,1018,9/13/2023 16:32,-36.7,,,
9/13/2023 16:32,25.4,9/13/2023 16:32,1018,9/13/2023 16:32,-37.1,,,
9/13/2023 16:32,25.4,9/13/2023 16:32,1018,9/13/2023 16:32,-36.4,,,
9/13/2023 16:32,25.5,9/13/2023 16:32,1018,9/13/2023 16:32,-36.5,,,
9/13/2023 16:32,25.5,9/13/2023 16:32,1018,9/13/2023 16:32,-36.5,,,
9/13/2023 16:33,25.5,9/13/2023 16:33,1018,9/13/2023 16:33,-36.2,,,
9/13/2023 16:33,25.5,9/13/2023 16:33,1018,9/13/2023 16:33,-36.3,,,
9/13/2023 16:33,25.6,9/13/2023 16:33,1018,9/13/2023 16:33,-36.4,,,
9/13/2023 16:33,25.6,9/13/2023 16:33,1018,9/13/2023 16:33,-36.3,,,
9/13/2023 16:33,25.6,9/13/2023 16:33,1018,9/13/2023 16:33,-36.6,,,
9/13/2023 16:33,25.7,9/13/2023 16:33,1018,9/13/2023 16:33,-36.2,,,
9/13/2023 16:34,25.7,9/13/2023 16:34,1018,9/13/2023 16:34,-35.8,,,
9/13/2023 16:34,25.7,9/13/2023 16:34,1018,9/13/2023 16:34,-36.1,,,
9/13/2023 16:34,25.7,9/13/2023 16:34,1018,9/13/2023 16:34,-35.7,,,
9/13/2023 16:34,25.8,9/13/2023 16:34,1018,9/13/2023 16:34,-36.1,,,
9/13/2023 16:34,25.8,9/13/2023 16:34,1018,9/13/2023 16:34,-36.1,,,
9/13/2023 16:34,25.8,9/13/2023 16:34,1018,9/13/2023 16:34,-36.2,,,
9/13/2023 16:35,25.8,9/13/2023 16:35,1018,9/13/2023 16:35,-36,,,
9/13/2023 16:35,25.8,9/13/2023 16:35,1018,9/13/2023 16:35,-35.7,,,
9/13/2023 16:35,25.8,9/13/2023 16:35,1018,9/13/2023 16:35,-36,,,
9/13/2023 16:35,25.8,9/13/2023 16:35,1018,9/13/2023 16:35,-35.8,,,
9/13/2023 16:35,25.8,9/13/2023 16:35,1018,9/13/2023 16:35,-35.7,,,
9/13/2023 16:35,25.8,9/13/2023 16:35,1018,9/13/2023 16:35,-36,,,
9/13/2023 16:36,,9/13/2023 16:36,,9/13/2023 16:36,,,,
9/13/2023 16:36,26,9/13/2023 16:36,1018,9/13/2023 16:36,-35.8,,,
9/13/2023 16:36,25.8,9/13/2023 16:36,1018,9/13/2023 16:36,-35.8,,,
9/13/2023 16:36,25.8,9/13/2023 16:36,1018,9/13/2023 16:36,-35.6,,,
9/13/2023 16:36,25.8,9/13/2023 16:36,1018,9/13/2023 16:36,-36.1,,,
9/13/2023 16:36,25.9,9/13/2023 16:36,1018,9/13/2023 16:36,-35.8,,,
9/13/2023 16:37,25.8,9/13/2023 16:37,1018,9/13/2023 16:37,-36.1,,,
9/13/2023 16:37,25.9,9/13/2023 16:37,1018,9/13/2023 16:37,-36.1,,,
9/13/2023 16:37,25.9,9/13/2023 16:37,1018,9/13/2023 16:37,-35.8,,,
9/13/2023 16:37,25.9,9/13/2023 16:37,1018,9/13/2023 16:37,-36.1,,,
9/13/2023 16:37,26.2,9/13/2023 16:37,1018,9/13/2023 16:37,-35.7,,,
9/13/2023 16:37,25.9,9/13/2023 16:37,1018,9/13/2023 16:37,-36.2,,,
9/13/2023 16:38,25.9,9/13/2023 16:38,1018,9/13/2023 16:38,-36,,,
9/13/2023 16:38,25.8,9/13/2023 16:38,1018,9/13/2023 16:38,-36.1,,,
9/13/2023 16:38,25.8,9/13/2023 16:38,1018,9/13/2023 16:38,-36.2,,,
9/13/2023 16:38,25.8,9/13/2023 16:38,1018,9/13/2023 16:38,-35.8,,,
9/13/2023 16:38,25.8,9/13/2023 16:38,1018,9/13/2023 16:38,-35.5,,,
9/13/2023 16:38,25.8,9/13/2023 16:38,1018,9/13/2023 16:38,-35.9,,,
9/13/2023 16:39,25.9,9/13/2023 16:39,1018,9/13/2023 16:39,-35.9,,,
9/13/2023 16:39,25.9,9/13/2023 16:39,1018,9/13/2023 16:39,-35.6,,,
9/13/2023 16:39,25.9,9/13/2023 16:39,1018,9/13/2023 16:39,-35.9,,,
9/13/2023 16:39,25.9,9/13/2023 16:39,1018,9/13/2023 16:39,-35.9,,,
9/13/2023 16:39,25.9,9/13/2023 16:39,1018,9/13/2023 16:39,-35.7,,,
9/13/2023 16:39,26,9/13/2023 16:39,1018,9/13/2023 16:39,-36,,,
9/13/2023 16:40,26,9/13/2023 16:40,1018,9/13/2023 16:40,-35.5,,,
9/13/2023 16:40,26,9/13/2023 16:40,1018,9/13/2023 16:40,-35.6,,,
9/13/2023 16:40,26,9/13/2023 16:40,1018,9/13/2023 16:40,-35.4,,,
9/13/2023 16:40,26,9/13/2023 16:40,1018,9/13/2023 16:40,-35.8,,,
9/13/2023 16:40,26.1,9/13/2023 16:40,1018,9/13/2023 16:40,-35.9,,,
9/13/2023 16:40,26.1,9/13/2023 16:40,1018,9/13/2023 16:40,-35.6,,,
9/13/2023 16:41,26.2,9/13/2023 16:41,1018,9/13/2023 16:41,-35.4,,,
9/13/2023 16:41,26.2,9/13/2023 16:41,1018,9/13/2023 16:41,-35.3,,,
9/13/2023 16:41,26.2,9/13/2023 16:41,1018,9/13/2023 16:41,-35.5,,,
9/13/2023 16:41,26.2,9/13/2023 16:41,1018,9/13/2023 16:41,-35.6,,,
9/13/2023 16:41,26.3,9/13/2023 16:41,1017,9/13/2023 16:41,-35.2,,,
9/13/2023 16:41,26.3,9/13/2023 16:41,1018,9/13/2023 16:41,-35.4,,,
9/13/2023 16:42,26.3,9/13/2023 16:42,1017,9/13/2023 16:42,-35.2,,,
9/13/2023 16:42,26.3,9/13/2023 16:42,1017,9/13/2023 16:42,-35,,,
9/13/2023 16:42,26.3,9/13/2023 16:42,1017,9/13/2023 16:42,-35.3,,,
9/13/2023 16:42,26.4,9/13/2023 16:42,1017,9/13/2023 16:42,-35,,,
9/13/2023 16:42,26.4,9/13/2023 16:42,1017,9/13/2023 16:42,-35,,,
9/13/2023 16:42,26.4,9/13/2023 16:42,1017,9/13/2023 16:42,-35.1,,,
9/13/2023 16:43,26.4,9/13/2023 16:43,1018,9/13/2023 16:43,-35.4,,,
9/13/2023 16:43,26.4,9/13/2023 16:43,1017,9/13/2023 16:43,-34.9,,,
9/13/2023 16:43,26.4,9/13/2023 16:43,1017,9/13/2023 16:43,-35,,,
9/13/2023 16:43,26.5,9/13/2023 16:43,1017,9/13/2023 16:43,-35.1,,,
9/13/2023 16:43,26.5,9/13/2023 16:43,1017,9/13/2023 16:43,-34.7,,,
9/13/2023 16:43,26.4,9/13/2023 16:43,1017,9/13/2023 16:43,-35.1,,,
9/13/2023 16:44,26.4,9/13/2023 16:44,1017,9/13/2023 16:44,-35,,,
9/13/2023 16:44,26.4,9/13/2023 16:44,1017,9/13/2023 16:44,-34.8,,,
9/13/2023 16:44,26.5,9/13/2023 16:44,1017,9/13/2023 16:44,-34.9,,,
9/13/2023 16:44,26.5,9/13/2023 16:44,1017,9/13/2023 16:44,-34.7,,,
9/13/2023 16:44,26.5,9/13/2023 16:44,1017,9/13/2023 16:44,-35.2,,,
9/13/2023 16:44,26.5,9/13/2023 16:44,1017,9/13/2023 16:44,-34.7,,,
9/13/2023 16:45,26.5,9/13/2023 16:45,1017,9/13/2023 16:45,-34.7,,,
9/13/2023 16:45,26.5,9/13/2023 16:45,1017,9/13/2023 16:45,-34.8,,,
9/13/2023 16:45,26.5,9/13/2023 16:45,1017,9/13/2023 16:45,-34.7,,,
9/13/2023 16:45,26.5,9/13/2023 16:45,1017,9/13/2023 16:45,-34.2,,,
9/13/2023 16:45,26.6,9/13/2023 16:45,1017,9/13/2023 16:45,-34.7,,,
9/13/2023 16:45,26.6,9/13/2023 16:45,1017,9/13/2023 16:45,-34.6,,,
9/13/2023 16:46,26.6,9/13/2023 16:46,1017,9/13/2023 16:46,-34.7,,,
9/13/2023 16:46,26.6,9/13/2023 16:46,1017,9/13/2023 16:46,-34.9,,,
9/13/2023 16:46,26.6,9/13/2023 16:46,1017,9/13/2023 16:46,-34.9,,,
9/13/2023 16:46,26.6,9/13/2023 16:46,1017,9/13/2023 16:46,-34.6,,,
9/13/2023 16:46,26.5,9/13/2023 16:46,1017,9/13/2023 16:46,-34.5,,,
9/13/2023 16:46,26.5,9/13/2023 16:46,1017,9/13/2023 16:46,-34.7,,,
9/13/2023 16:47,26.5,9/13/2023 16:47,1017,9/13/2023 16:47,-34.9,,,
9/13/2023 16:47,26.5,9/13/2023 16:47,1017,9/13/2023 16:47,-34.7,,,
9/13/2023 16:47,26.5,9/13/2023 16:47,1017,9/13/2023 16:47,-35,,,
9/13/2023 16:47,26.5,9/13/2023 16:47,1017,9/13/2023 16:47,-35.1,,,
9/13/2023 16:47,26.5,9/13/2023 16:47,1017,9/13/2023 16:47,-35.1,,,
9/13/2023 16:47,26.6,9/13/2023 16:47,1017,9/13/2023 16:47,-35,,,
9/13/2023 16:48,26.6,9/13/2023 16:48,1017,9/13/2023 16:48,-34.9,,,
9/13/2023 16:48,26.6,9/13/2023 16:48,1017,9/13/2023 16:48,-34.8,,,
9/13/2023 16:48,26.6,9/13/2023 16:48,1017,9/13/2023 16:48,-34.6,,,
9/13/2023 16:48,26.6,9/13/2023 16:48,1017,9/13/2023 16:48,-34.7,,,
9/13/2023 16:48,26.6,9/13/2023 16:48,1017,9/13/2023 16:48,-34.9,,,
9/13/2023 16:48,26.6,9/13/2023 16:48,1017,9/13/2023 16:48,-34.7,,,
9/13/2023 16:49,26.6,9/13/2023 16:49,1017,9/13/2023 16:49,-34.6,,,
9/13/2023 16:49,26.6,9/13/2023 16:49,1017,9/13/2023 16:49,-34.7,,,
9/13/2023 16:49,26.7,9/13/2023 16:49,1017,9/13/2023 16:49,-34.7,,,
9/13/2023 16:49,26.7,9/13/2023 16:49,1017,9/13/2023 16:49,-34.7,,,
9/13/2023 16:49,26.7,9/13/2023 16:49,1017,9/13/2023 16:49,-34.7,,,
9/13/2023 16:49,26.7,9/13/2023 16:49,1017,9/13/2023 16:49,-34.7,,,
9/13/2023 16:50,26.7,9/13/2023 16:50,1017,9/13/2023 16:50,-34.6,,,
9/13/2023 16:50,26.7,9/13/2023 16:50,1017,9/13/2023 16:50,-34.6,,,
9/13/2023 16:50,26.7,9/13/2023 16:50,1017,9/13/2023 16:50,-34.6,,,
9/13/2023 16:50,26.6,9/13/2023 16:50,1017,9/13/2023 16:50,-34.7,,,
9/13/2023 16:50,26.6,9/13/2023 16:50,1017,9/13/2023 16:50,-34.8,,,
9/13/2023 16:50,26.6,9/13/2023 16:50,1017,9/13/2023 16:50,-34.9,,,
9/13/2023 16:51,26.6,9/13/2023 16:51,1017,9/13/2023 16:51,-34.4,,,
9/13/2023 16:51,26.6,9/13/2023 16:51,1017,9/13/2023 16:51,-34.5,,,
9/13/2023 16:51,26.6,9/13/2023 16:51,1017,9/13/2023 16:51,-34.6,,,
9/13/2023 16:51,26.6,9/13/2023 16:51,1017,9/13/2023 16:51,-34.3,,,
9/13/2023 16:51,26.6,9/13/2023 16:51,1017,9/13/2023 16:51,-34.7,,,
9/13/2023 16:51,26.7,9/13/2023 16:51,1017,9/13/2023 16:51,-34.5,,,
9/13/2023 16:52,26.7,9/13/2023 16:52,1017,9/13/2023 16:52,-34.4,,,
9/13/2023 16:52,26.7,9/13/2023 16:52,1017,9/13/2023 16:52,-34.6,,,
9/13/2023 16:52,26.6,9/13/2023 16:52,1017,9/13/2023 16:52,-34.7,,,
9/13/2023 16:52,26.6,9/13/2023 16:52,1017,9/13/2023 16:52,-34.2,,,
9/13/2023 16:52,26.6,9/13/2023 16:52,1017,9/13/2023 16:52,-34.5,,,
9/13/2023 16:52,26.7,9/13/2023 16:52,1017,9/13/2023 16:52,-34.1,,,
9/13/2023 16:53,26.7,9/13/2023 16:53,1017,9/13/2023 16:53,-34.3,,,
9/13/2023 16:53,26.7,9/13/2023 16:53,1017,9/13/2023 16:53,-34.3,,,
9/13/2023 16:53,26.7,9/13/2023 16:53,1017,9/13/2023 16:53,-34.5,,,
9/13/2023 16:53,26.7,9/13/2023 16:53,1017,9/13/2023 16:53,-34.2,,,
9/13/2023 16:53,26.6,9/13/2023 16:53,1017,9/13/2023 16:53,-34.3,,,
9/13/2023 16:53,26.5,9/13/2023 16:53,1017,9/13/2023 16:53,-34.7,,,
9/13/2023 16:54,26.4,9/13/2023 16:54,1017,9/13/2023 16:54,-34.7,,,
9/13/2023 16:54,26.3,9/13/2023 16:54,1017,9/13/2023 16:54,-34.7,,,
9/13/2023 16:54,26.2,9/13/2023 16:54,1017,9/13/2023 16:54,-35,,,
9/13/2023 16:54,26.2,9/13/2023 16:54,1017,9/13/2023 16:54,-35,,,
9/13/2023 16:54,26.1,9/13/2023 16:54,1017,9/13/2023 16:54,-35.2,,,
9/13/2023 16:54,26.1,9/13/2023 16:54,1017,9/13/2023 16:54,-35,,,
9/13/2023 16:55,26.1,9/13/2023 16:55,1017,9/13/2023 16:55,-35.2,,,
9/13/2023 16:55,26,9/13/2023 16:55,1017,9/13/2023 16:55,-35.1,,,
9/13/2023 16:55,26,9/13/2023 16:55,1017,9/13/2023 16:55,-35,,,
9/13/2023 16:55,26,9/13/2023 16:55,1017,9/13/2023 16:55,-34.9,,,
9/13/2023 16:55,25.9,9/13/2023 16:55,1017,9/13/2023 16:55,-35,,,
9/13/2023 16:55,25.9,9/13/2023 16:55,1018,9/13/2023 16:55,-35.6,,,
9/13/2023 16:56,25.8,9/13/2023 16:56,1018,9/13/2023 16:56,-35.4,,,
9/13/2023 16:56,25.8,9/13/2023 16:56,1017,9/13/2023 16:56,-35.2,,,
9/13/2023 16:56,25.8,9/13/2023 16:56,1018,9/13/2023 16:56,-35.5,,,
9/13/2023 16:56,25.7,9/13/2023 16:56,1018,9/13/2023 16:56,-35.4,,,
9/13/2023 16:56,25.7,9/13/2023 16:56,1018,9/13/2023 16:56,-35.6,,,
9/13/2023 16:56,25.7,9/13/2023 16:56,1018,9/13/2023 16:56,-35.7,,,
9/13/2023 16:57,25.7,9/13/2023 16:57,1018,9/13/2023 16:57,-35.7,,,
9/13/2023 16:57,25.7,9/13/2023 16:57,1017,9/13/2023 16:57,-35.2,,,
9/13/2023 16:57,25.7,9/13/2023 16:57,1018,9/13/2023 16:57,-35.7,,,
9/13/2023 16:57,25.6,9/13/2023 16:57,1018,9/13/2023 16:57,-35.6,,,
9/13/2023 16:57,25.6,9/13/2023 16:57,1018,9/13/2023 16:57,-35.8,,,
9/13/2023 16:57,25.6,9/13/2023 16:57,1018,9/13/2023 16:57,-36.1,,,
9/13/2023 16:58,25.6,9/13/2023 16:58,1018,9/13/2023 16:58,-35.5,,,
9/13/2023 16:58,25.6,9/13/2023 16:58,1018,9/13/2023 16:58,-35.5,,,
9/13/2023 16:58,25.5,9/13/2023 16:58,1018,9/13/2023 16:58,-35.4,,,
9/13/2023 16:58,25.6,9/13/2023 16:58,1018,9/13/2023 16:58,-35.7,,,
9/13/2023 16:58,25.6,9/13/2023 16:58,1018,9/13/2023 16:58,-36.2,,,
9/13/2023 16:58,25.6,9/13/2023 16:58,1018,9/13/2023 16:58,-35.7,,,
9/13/2023 16:59,25.6,9/13/2023 16:59,1018,9/13/2023 16:59,-36,,,
9/13/2023 16:59,25.5,9/13/2023 16:59,1018,9/13/2023 16:59,-35.9,,,
9/13/2023 16:59,25.5,9/13/2023 16:59,1018,9/13/2023 16:59,-36.1,,,
9/13/2023 16:59,25.5,9/13/2023 16:59,1018,9/13/2023 16:59,-35.6,,,
9/13/2023 16:59,25.5,9/13/2023 16:59,1018,9/13/2023 16:59,-35.9,,,
9/13/2023 16:59,25.5,9/13/2023 16:59,1018,9/13/2023 16:59,-35.9,,,
9/13/2023 17:00,25.5,9/13/2023 17:00,1018,9/13/2023 17:00,-36,,,
9/13/2023 17:00,25.5,9/13/2023 17:00,1018,9/13/2023 17:00,-35.7,,,
9/13/2023 17:00,25.5,9/13/2023 17:00,1018,9/13/2023 17:00,-36.1,,,
9/13/2023 17:00,25.5,9/13/2023 17:00,1018,9/13/2023 17:00,-36,,,
9/13/2023 17:00,25.5,9/13/2023 17:00,1018,9/13/2023 17:00,-35.9,,,
9/13/2023 17:00,25.6,9/13/2023 17:00,1018,9/13/2023 17:00,-35.7,,,
9/13/2023 17:01,25.6,9/13/2023 17:01,1018,9/13/2023 17:01,-36,,,
9/13/2023 17:01,25.6,9/13/2023 17:01,1018,9/13/2023 17:01,-35.9,,,
9/13/2023 17:01,25.6,9/13/2023 17:01,1018,9/13/2023 17:01,-36.1,,,
9/13/2023 17:01,25.7,9/13/2023 17:01,1018,9/13/2023 17:01,-36.2,,,
9/13/2023 17:01,25.9,9/13/2023 17:01,1018,9/13/2023 17:01,-35.5,,,
9/13/2023 17:01,26.1,9/13/2023 17:01,1018,9/13/2023 17:01,-35.7,,,
9/13/2023 17:02,26.1,9/13/2023 17:02,1017,9/13/2023 17:02,-35.2,,,
9/13/2023 17:02,26,9/13/2023 17:02,1018,9/13/2023 17:02,-35.7,,,
